	INDEX	form	lemma	xpos	syllables	stress	phon	include
168125	168125	lucrătorului	lucrător	Ncmsoy	lu.cră.to.ru.lui	lucrăt'orului	l u k r @ t o r u l u j	True
154358	154358	integralului	integral	Afpmsoy	in.te.gra.lu.lui	integr'alului	i n t e g r a l u l u j	True
327248	327248	însușită	însuși	Vmp--sf	în.su.și.tă	însuș'ită	1 n s u S i t @	True
102735	102735	dezideratului	deziderat	Ncmsoy	de.zi.de.ra.tu.lui	dezider'atului	d e z i d e r a t u l u j	True
287800	287800	talveg	=	Ncms-n	tal.veg	talv'eg	t a l v e g	True
181359	181359	mondenă	=	Ncfsrn	mon.de.nă	mond'enă	m o n d e n @	True
189081	189081	necorespunzătoarelor	necorespunzător	Afpfpoy	ne.co.res.pun.ză.toa.re.lor	necorespunzăto'arelor	n e k o r e s p u n z @ t o_X a r e l o r	True
273851	273851	spăgile	spagă	Ncfpry	spă.gi.le	sp'ăgile	s p @ gZ i l e	True
144581	144581	huzdupaseși	huzdupa	Vmil2s	huz.du.pa.seși	huzdup'aseși	h u z d u p a s e S i_0	True
168647	168647	luptătorii	luptător	Ncmpry	lup.tă.to.rii	luptăt'orii	l u p t @ t o r i j	True
326176	326176	înrudiserăți	înrudi	Vmil2p	în.ru.di.se.răți	înrud'iserăți	1 n r u d i s e r @ ts i_0	True
28553	28553	ameliorați	ameliora	Vmii2p	a.me.li.o.rați	amelior'ați	a m e l i o r a ts i_0	True
131422	131422	fraudele	fraudă	Ncfpry	fra.u.de.le	fr'audele	f r a u d e l e	True
57186	57186	calitativii	calitativ	Afpmpry	ca.li.ta.ti.vii	calitat'ivii	k a l i t a t i v i j	True
25805	25805	albească	albi	Vmsp3	al.beas.că	albe'ască	a l b e_X a s k @	True
141272	141272	halatul	halat	Ncmsry	ha.la.tul	hal'atul	h a l a t u l	True
136818	136818	gilbertului	gilbert	Ncmsoy	gil.ber.tu.lui	g'ilbertului	gZ i l b e r t u l u j	True
123516	123516	facerii	facere	Ncfsoy	fa.ce.rii	f'acerii	f a tS e r i j	True
270438	270438	singura	singur	Afpfsry	sin.gu.ra	s'ingura	s i n g u r a	True
123853	123853	falezele	faleză	Ncfpry	fa.le.ze.le	fal'ezele	f a l e z e l e	True
127393	127393	finisatei	finisat	Afpfsoy	fi.ni.sa.tei	finis'atei	f i n i s a t e j	True
318158	318158	încasat	=	Afpms-n	în.ca.sat	încas'at	1 n k a s a t	True
180027	180027	mobiliară	mobiliar	Afpfsrn	mo.bi.li.a.ră	mobili'ară	m o b i l i a r @	True
147628	147628	imploziile	implozie	Ncfpry	im.plo.zi.i.le	impl'oziile	i m p l o z i i l e	True
54439	54439	cățăit	cățăi	Vmp--sm	că.ță.it	căță'it	k @ ts @ i t	True
91807	91807	deconcentrate	deconcentra	Vmp--pf	de.con.cen.tra.te	deconcentr'ate	d e k o n tS e n t r a t e	True
81144	81144	cormoranul	cormoran	Ncmsry	cor.mo.ra.nul	cormor'anul	k o r m o r a n u l	True
20441	20441	acordații	acordat	Afpmpry	a.cor.da.ții	acord'ații	a k o r d a ts i j	True
182939	182939	muți	mut	Ncmp-n	muți	m'uți	m u ts i_0	True
242206	242206	radiotelegrafiarăm	radiotelegrafia	Vmis1p	ra.di.o.te.le.gra.fi.a.răm	radiotelegrafi'arăm	r a d i o t e l e g r a f i a r @ m	True
92297	92297	decuplări	decuplare	Ncfp-n	de.cu.plări	decupl'ări	d e k u p l @ r i_0	True
18521	18521	absentași	absenta	Vmis2s	ab.sen.tași	absent'ași	a b s e n t a S i_0	True
176429	176429	mexicane	mexicană	Ncfp-n	me.xi.ca.ne	mexic'ane	m e ks i k a n e	True
309595	309595	vânaseră	vâna	Vmil3p	vâ.na.se.ră	vân'aseră	v 1 n a s e r @	True
115617	115617	emitentului	emitent	Afpmsoy	e.mi.ten.tu.lui	emit'entului	e m i t e n t u l u j	True
21610	21610	addendelor	addendă	Ncfpoy	ad.den.de.lor	add'endelor	a d d e n d e l o r	True
165942	165942	liderul	lider	Ncmsry	li.de.rul	l'iderul	l i d e r u l	True
222058	222058	plinuța	plinuț	Afpfsry	pli.nu.ța	plin'uța	p l i n u ts a	True
323637	323637	înghioldiși	înghioldi	Vmis2s	în.ghiol.diși	înghiold'iși	1 n g_j o l d i S i_0	True
38048	38048	asiguraseți	asigura	Vmil2p	a.si.gu.ra.seți	asigur'aseți	a s i g u r a s e ts i_0	True
213469	213469	pariezi	paria	Vmip2s	pa.ri.ezi	pari'ezi	p a r i e z i_0	True
229567	229567	preparași	prepara	Vmis2s	pre.pa.rași	prepar'ași	p r e p a r a S i_0	True
60843	60843	cazaserăm	caza	Vmil1p	ca.za.se.răm	caz'aserăm	k a z a s e r @ m	True
251475	251475	replicații	replicat	Afpmpry	re.pli.ca.ții	replic'ații	r e p l i k a ts i j	True
228955	228955	preliminare	preliminar	Afpfson	pre.li.mi.na.re	prelimin'are	p r e l i m i n a r e	True
287986	287986	tapetează	tapeta	Vmip3	ta.pe.tea.ză	tapete'ază	t a p e t e_X a z @	True
70601	70601	colorați	colora	Vmp--pm	co.lo.rați	color'ați	k o l o r a ts i_0	True
199681	199681	neverosimilul	neverosimil	Afpmsry	ne.ve.ro.si.mi.lul	neveros'imilul	n e v e r o s i m i l u l	True
90809	90809	decantați	decanta	Vmm-2p	de.can.tați	decant'ați	d e k a n t a ts i_0	True
294314	294314	translați	transla	Vmip2p	trans.lați	transl'ați	t r a n s l a ts i_0	True
271504	271504	sloboziseși	slobozi	Vmil2s	slo.bo.zi.seși	sloboz'iseși	s l o b o z i s e S i_0	True
169982	169982	mătăhuia	mătăhuie	Ncfsry	mă.tă.hu.ia	mătăh'uia	m @ t @ h u j a	True
270927	270927	sistematicii	sistematic	Afpmpry	sis.te.ma.ti.cii	sistem'aticii	s i s t e m a t i tS i j	True
76072	76072	conservantei	conservant	Afpfsoy	con.ser.van.tei	conserv'antei	k o n s e r v a n t e j	True
72124	72124	completările	completare	Ncfpry	com.ple.tă.ri.le	complet'ările	k o m p l e t @ r i l e	True
279483	279483	strivirăți	strivi	Vmis2p	stri.vi.răți	striv'irăți	s t r i v i r @ ts i_0	True
244114	244114	reangaja	=	Vmnp	re.an.ga.ja	reangaj'a	r e a n g a Z a	True
123001	123001	făcătoareo	făcător	Afpfsvy	fă.că.toa.reo	făcăto'areo	f @ k @ t o_X a r e_X o	True
118301	118301	eupeptice	eupeptic	Afpfson	e.u.pep.ti.ce	eup'eptice	e u p e p t i tS e	True
191735	191735	nelegat	=	Afpms-n	ne.le.gat	neleg'at	n e l e g a t	True
288397	288397	tauromahiei	tauromahie	Ncfsoy	ta.u.ro.ma.hi.ei	tauromah'iei	t a u r o m a h i e j	True
237896	237896	purced	purcede	Vmip3p	pur.ced	purc'ed	p u r tS e d	True
242582	242582	ramei	ramă	Ncfsoy	ra.mei	r'amei	r a m e j	True
152099	152099	ingenuilor	ingenuu	Afpmpoy	in.ge.nu.i.lor	ing'enuilor	i n gZ e n u i l o r	True
177602	177602	militați	militat	Afpmp-n	mi.li.tați	milit'ați	m i l i t a ts i_0	True
242218	242218	radiotelegrafiau	radiotelegrafia	Vmii3p	ra.di.o.te.le.gra.fi.au	radiotelegrafi'au	r a d i o t e l e g r a f i a w	True
29155	29155	amniotic	=	Afpms-n	am.ni.o.tic	amni'otic	a m n i o t i k	True
304028	304028	valoroasă	valoros	Afpfsrn	va.lo.roa.să	valoro'asă	v a l o r o_X a s @	True
112610	112610	echilibristicii	echilibristică	Ncfsoy	e.chi.li.bris.ti.cii	echilibr'isticii	e k_j i l i b r i s t i tS i j	True
300015	300015	uluiesc	ului	Vmip3p	u.lu.iesc	ului'esc	u l u j e s k	True
248167	248167	regalele	regal	Afpfpry	re.ga.le.le	reg'alele	r e g a l e l e	True
34351	34351	apreciații	apreciat	Afpmpry	a.pre.ci.a.ții	apreci'ații	a p r e tS i a ts i j	True
36482	36482	armenelor	armean	Afpfpoy	ar.me.ne.lor	arm'enelor	a r m e n e l o r	True
180004	180004	mobilează	mobila	Vmip3	mo.bi.lea.ză	mobile'ază	m o b i l e_X a z @	True
49020	49020	blama	=	Vmnp	bla.ma	blam'a	b l a m a	True
31055	31055	animalicul	=	Ncms-n	a.ni.ma.li.cul	anim'alicul	a n i m a l i k u l	True
70852	70852	comasați	comasa	Vmii2p	co.ma.sați	comas'ați	k o m a s a ts i_0	True
253306	253306	retehnologizate	retehnologiza	Vmp--pf	re.teh.no.lo.gi.za.te	retehnologiz'ate	r e t e h n o l o gZ i z a t e	True
187291	187291	nețintuind	țintui	Vmg	ne.țin.tu.ind	nețintu'ind	n e ts i n t u i n d	True
1760	1760	șocaseși	șoca	Vmil2s	șo.ca.seși	șoc'aseși	S o k a s e S i_0	True
98907	98907	desfășurăm	desfășura	Vmip1p	des.fă.șu.răm	desfășur'ăm	d e s f @ S u r @ m	True
251257	251257	repertoriul	repertoriu	Ncmsry	re.per.to.ri.ul	repert'oriul	r e p e r t o r i u l	True
147831	147831	impozitelor	impozit	Ncfpoy	im.po.zi.te.lor	imp'ozitelor	i m p o z i t e l o r	True
150658	150658	industriașului	industriaș	Ncmsoy	in.dus.tri.a.șu.lui	industri'așului	i n d u s t r i a S u l u j	True
298983	298983	târșuților	târșuț	Ncmpoy	târ.șu.ți.lor	târș'uților	t 1 r S u ts i l o r	True
71236	71236	comercialele	comercial	Afpfpry	co.mer.ci.a.le.le	comerci'alele	k o m e r tS i a l e l e	True
245857	245857	recreași	recrea	Vmis2s	re.cre.ași	recre'ași	r e k r e a S i_0	True
59964	59964	castrarea	castrare	Ncfsry	cas.tra.rea	castr'area	k a s t r a r e_X a	True
51589	51589	brevetarăți	breveta	Vmis2p	bre.ve.ta.răți	brevet'arăți	b r e v e t a r @ ts i_0	True
42141	42141	autoproclamarăți	autoproclama	Vmis2p	a.u.to.pro.cla.ma.răți	autoproclam'arăți	a u t o p r o k l a m a r @ ts i_0	True
319446	319446	încovoiază	încovoia	Vmm-2s	în.co.vo.ia.ză	încovoi'ază	1 n k o v o j a z @	True
119486	119486	exasperantele	exasperant	Afpfpry	e.xas.pe.ran.te.le	exasper'antele	e gz a s p e r a n t e l e	True
280171	280171	stupefianta	stupefiant	Afpfsry	stu.pe.fi.an.ta	stupefi'anta	s t u p e f i a n t a	True
64764	64764	cifra	cifră	Ncfsry	ci.fra	c'ifra	tS i f r a	True
71897	71897	compensați	compensa	Vmp--pm	com.pen.sați	compens'ați	k o m p e n s a ts i_0	True
44102	44102	bălăcăriși	bălăcări	Vmis2s	bă.lă.că.riși	bălăcăr'iși	b @ l @ k @ r i S i_0	True
118419	118419	europeni	european	Ncmp-n	e.u.ro.peni	europ'eni	e u r o p e n i_0	True
32980	32980	antrenata	antrenat	Afpfsry	an.tre.na.ta	antren'ata	a n t r e n a t a	True
249076	249076	reintegrări	reintegrare	Ncfp-n	re.in.te.grări	reintegr'ări	r e i n t e g r @ r i_0	True
70598	70598	colorați	colora	Vmii2p	co.lo.rați	color'ați	k o l o r a ts i_0	True
194795	194795	nemairulând	rula	Vmg	ne.mai.ru.lând	nemairul'ând	n e m a j r u l 1 n d	True
330011	330011	învinovățiseși	învinovăți	Vmil2s	în.vi.no.vă.ți.seși	învinovăț'iseși	1 n v i n o v @ ts i s e S i_0	True
236375	236375	psalmodiaseși	psalmodia	Vmil2s	psal.mo.di.a.seși	psalmodi'aseși	p s a l m o d i a s e S i_0	True
291811	291811	tiruri	tir	Ncfp-n	ti.ruri	t'iruri	t i r u r i_0	True
158656	158656	irlandezei	irlandeză	Ncfsoy	ir.lan.de.zei	irland'ezei	i r l a n d e z e j	True
228328	228328	preexistase	preexista	Vmil3s	pre.e.xis.ta.se	preexist'ase	p r e e gz i s t a s e	True
283789	283789	suplimentări	suplimentare	Ncfson	su.pli.men.tări	supliment'ări	s u p l i m e n t @ r i_0	True
69787	69787	colț	=	Ncms-n	colț	colț	k o l ts	True
98515	98515	descântați	descântat	Afpmp-n	des.cân.tați	descânt'ați	d e s k 1 n t a ts i_0	True
155721	155721	interogați	interoga	Vmii2p	in.te.ro.gați	interog'ați	i n t e r o g a ts i_0	True
134594	134594	galezului	galez	Afpmsoy	ga.le.zu.lui	gal'ezului	g a l e z u l u j	True
222572	222572	plânseseți	plânge	Vmil2p	plân.se.seți	plâns'eseți	p l 1 n s e s e ts i_0	True
292128	292128	tocănire	=	Ncfsrn	to.că.ni.re	tocăn'ire	t o k @ n i r e	True
327246	327246	însușitul	însușit	Afpmsry	în.su.și.tul	însuș'itul	1 n s u S i t u l	True
185835	185835	năpârleai	năpârli	Vmii2s	nă.pâr.leai	năpârle'ai	n @ p 1 r l e_X a j	True
304255	304255	variabila	variabilă	Ncfsry	va.ri.a.bi.la	vari'abila	v a r i a b i l a	True
221237	221237	platina	=	Vmii3s	pla.ti.na	platin'a	p l a t i n a	True
80833	80833	coregrafiase	coregrafia	Vmil3s	co.re.gra.fi.a.se	coregrafi'ase	k o r e g r a f i a s e	True
112506	112506	ecatomba	ecatombă	Ncfsry	e.ca.tom.ba	ecat'omba	e k a t o m b a	True
267494	267494	serotoninele	serotonină	Ncfpry	se.ro.to.ni.ne.le	seroton'inele	s e r o t o n i n e l e	True
57663	57663	camuflează	camufla	Vmip3	ca.mu.flea.ză	camufle'ază	k a m u f l e_X a z @	True
41624	41624	autogospodăriseși	autogospodări	Vmil2s	a.u.to.gos.po.dă.ri.seși	autogospodăr'iseși	a u t o g o s p o d @ r i s e S i_0	True
118367	118367	euroatlanticului	euroatlantic	Afpmsoy	e.u.ro.a.tlan.ti.cu.lui	euroatl'anticului	e u r o a t l a n t i k u l u j	True
306842	306842	vindecaseși	vindeca	Vmil2s	vin.de.ca.seși	vindec'aseși	v i n d e k a s e S i_0	True
242322	242322	rafinări	rafinare	Ncfson	ra.fi.nări	rafin'ări	r a f i n @ r i_0	True
4843	4843	mbobociți	îmboboci	Vmp--pm	m.bo.bo.ciți	mboboc'iți	m b o b o tS i ts i_0	True
306654	306654	viguroasei	viguros	Afpfsoy	vi.gu.roa.sei	viguro'asei	v i g u r o_X a s e j	True
71978	71978	competentule	competent	Afpmsvy	com.pe.ten.tu.le	compet'entule	k o m p e t e n t u l e	True
303427	303427	vătămaseși	vătăma	Vmil2s	vă.tă.ma.seși	vătăm'aseși	v @ t @ m a s e S i_0	True
144144	144144	hrepcui	=	Vmnp	hrep.cu.i	hrepcu'i	h r e p k u i	True
24882	24882	agresați	agresat	Afpmp-n	a.gre.sați	agres'ați	a g r e s a ts i_0	True
287182	287182	taților	tată	Ncmpoy	ta.ți.lor	t'aților	t a ts i l o r	True
148278	148278	impulsivii	impulsiv	Afpmpry	im.pul.si.vii	impuls'ivii	i m p u l s i v i j	True
89467	89467	darabanule	daraban	Ncmsvy	da.ra.ba.nu.le	darab'anule	d a r a b a n u l e	True
41620	41620	autogospodărisem	autogospodări	Vmil1	a.u.to.gos.po.dă.ri.sem	autogospodăr'isem	a u t o g o s p o d @ r i s e m	True
254851	254851	revoluționarei	revoluționară	Ncfsoy	re.vo.lu.țio.na.rei	revoluțion'arei	r e v o l u ts j o n a r e j	True
294661	294661	transpirarăți	transpira	Vmis2p	tran.spi.ra.răți	transpir'arăți	t r a n s p i r a r @ ts i_0	True
299779	299779	ulterioara	ulterior	Afpfsry	ul.te.ri.oa.ra	ulterio'ara	u l t e r i o_X a r a	True
175459	175459	menstruației	menstruație	Ncfsoy	men.stru.a.ți.ei	menstru'ației	m e n s t r u a ts i e j	True
177622	177622	militară	militar	Afpfsrn	mi.li.ta.ră	milit'ară	m i l i t a r @	True
88934	88934	dăscăleai	dăscăli	Vmii2s	dăs.că.leai	dăscăle'ai	d @ s k @ l e_X a j	True
34027	34027	aplicam	aplica	Vmii1	a.pli.cam	aplic'am	a p l i k a m	True
74462	74462	condimentaserăm	condimenta	Vmil1p	con.di.men.ta.se.răm	condiment'aserăm	k o n d i m e n t a s e r @ m	True
324899	324899	înlănțuirăți	înlănțui	Vmis2p	în.lăn.țu.i.răți	înlănțu'irăți	1 n l @ n ts u i r @ ts i_0	True
28842	28842	amestecă	amesteca	Vmip3	a.mes.te.că	am'estecă	a m e s t e k @	True
120390	120390	exersați	exersa	Vmp--pm	e.xer.sați	exers'ați	e gz e r s a ts i_0	True
212192	212192	papal	=	Afpms-n	pa.pal	pap'al	p a p a l	True
312599	312599	zgâriații	zgâriat	Afpmpry	zgâ.ri.a.ții	zgâri'ații	z g 1 r i a ts i j	True
253807	253807	retrogradam	retrograda	Vmii1	re.tro.gra.dam	retrograd'am	r e t r o g r a d a m	True
25657	25657	alarmaserăm	alarma	Vmil1p	a.lar.ma.se.răm	alarm'aserăm	a l a r m a s e r @ m	True
124670	124670	fascinau	fascina	Vmii3p	fas.ci.nau	fascin'au	f a s tS i n a w	True
111641	111641	dumbravnicul	dumbravnic	Ncmsry	dum.brav.ni.cul	dumbr'avnicul	d u m b r a v n i k u l	True
164077	164077	leșină	leșina	Vmip3	le.și.nă	leș'ină	l e S i n @	True
282019	282019	subînțeles	=	Afpms-n	su.bîn.țe.les	subînțel'es	s u b 1 n ts e l e s	True
134579	134579	galeriile	galerie	Ncfpry	ga.le.ri.i.le	galer'iile	g a l e r i i l e	True
314427	314427	îmbrâncelilor	îmbrânceală	Ncfpoy	îm.brân.ce.li.lor	îmbrânc'elilor	1 m b r 1 n tS e l i l o r	True
119389	119389	examina	=	Vmii3s	e.xa.mi.na	examin'a	e gz a m i n a	True
232950	232950	procentaj	=	Ncms-n	pro.cen.taj	procent'aj	p r o tS e n t a Z	True
214199	214199	pasive	pasiv	Afpfson	pa.si.ve	pas'ive	p a s i v e	True
122789	122789	extrinsecei	extrinsec	Afpfsoy	ex.trin.se.cei	extrins'ecei	e ks t r i n s e tS e j	True
2711	2711	știrbesc	știrbi	Vmip1s	știr.besc	știrb'esc	S t i r b e s k	True
54453	54453	cățărarăți	cățăra	Vmis2p	că.ță.ra.răți	cățăr'arăți	k @ ts @ r a r @ ts i_0	True
100682	100682	deteriora	=	Vmnp	de.te.ri.o.ra	deterior'a	d e t e r i o r a	True
52212	52212	bruscul	brusc	Afpmsry	brus.cul	br'uscul	b r u s k u l	True
150684	150684	industrializaserăți	industrializa	Vmil2p	in.dus.tri.a.li.za.se.răți	industrializ'aserăți	i n d u s t r i a l i z a s e r @ ts i_0	True
120199	120199	exemplar	=	Afpms-n	e.xem.plar	exempl'ar	e gz e m p l a r	True
247625	247625	reflectaților	reflectat	Afpmpoy	re.flec.ta.ți.lor	reflect'aților	r e f l e k t a ts i l o r	True
109497	109497	donatorul	donator	Ncmsry	do.na.to.rul	donat'orul	d o n a t o r u l	True
49894	49894	boemii	boem	Ncmpry	bo.e.mii	bo'emii	b o e m i j	True
56075	56075	căutai	căuta	Vmii2s	că.u.tai	căut'ai	k @ u t a j	True
291432	291432	tincturilor	tinctură	Ncfpoy	tinc.tu.ri.lor	tinct'urilor	t i n k t u r i l o r	True
218970	218970	pielonefritele	pielonefrită	Ncfpry	pi.e.lo.ne.fri.te.le	pielonefr'itele	p i e l o n e f r i t e l e	True
36715	36715	ars	arde	Vmp--sm	ars	ars	a r s	True
171248	171248	malignii	malign	Afpmpry	ma.lig.nii	mal'ignii	m a l i g n i j	True
253660	253660	retribuit	=	Afpms-n	re.tri.bu.it	retribu'it	r e t r i b u i t	True
1757	1757	șocaseră	șoca	Vmil3p	șo.ca.se.ră	șoc'aseră	S o k a s e r @	True
307305	307305	virasem	vira	Vmil1	vi.ra.sem	vir'asem	v i r a s e m	True
306125	306125	vicepremierilor	vicepremier	Ncmpoy	vi.ce.pre.mi.e.ri.lor	vicepremi'erilor	v i tS e p r e m i e r i l o r	True
20116	20116	aclamată	aclamat	Afpfsrn	a.cla.ma.tă	aclam'ată	a k l a m a t @	True
228776	228776	preistoricii	preistoric	Afpmpry	pre.is.to.ri.cii	preist'oricii	p r e i s t o r i tS i j	True
303028	303028	văduvii	văduv	Afpmpry	vă.du.vii	v'ăduvii	v @ d u v i j	True
319953	319953	încuie	încuia	Vmip3	în.cu.ie	înc'uie	1 n k u j e	True
288906	288906	telefonate	telefona	Vmp--pf	te.le.fo.na.te	telefon'ate	t e l e f o n a t e	True
278239	278239	stolnicul	stolnic	Ncmsry	stol.ni.cul	st'olnicul	s t o l n i k u l	True
236328	236328	prânzurilor	prânz	Ncfpoy	prân.zu.ri.lor	pr'ânzurilor	p r 1 n z u r i l o r	True
84952	84952	cuarțoasele	cuarțos	Afpfpry	cuar.țoa.se.le	cuarțo'asele	k w a r ts o_X a s e l e	True
94183	94183	delictualele	delictual	Afpfpry	de.lic.tu.a.le.le	delictu'alele	d e l i k t u a l e l e	True
130871	130871	fracturi	fractură	Ncfp-n	frac.turi	fract'uri	f r a k t u r i_0	True
297253	297253	trusturi	trust	Ncfp-n	trus.turi	tr'usturi	t r u s t u r i_0	True
269930	269930	simplificaților	simplificat	Afpmpoy	sim.pli.fi.ca.ți.lor	simplific'aților	s i m p l i f i k a ts i l o r	True
109561	109561	dopaserăm	dopa	Vmil1p	do.pa.se.răm	dop'aserăm	d o p a s e r @ m	True
221296	221296	platourilor	platou	Ncfpoy	pla.to.u.ri.lor	plat'ourilor	p l a t o u r i l o r	True
73638	73638	concesionarăm	concesiona	Vmis1p	con.ce.si.o.na.răm	concesion'arăm	k o n tS e s i o n a r @ m	True
236342	236342	prâsnelul	prâsnel	Ncmsry	prâs.ne.lul	prâsn'elul	p r 1 s n e l u l	True
265316	265316	sechestrează	sechestra	Vmm-2s	se.ches.trea.ză	sechestre'ază	s e k_j e s t r e_X a z @	True
259787	259787	sănătosul	sănătos	Afpmsry	să.năto.sul	sănăt'osul	s @ n @ t o s u l	True
30718	30718	angajaseși	angaja	Vmil2s	an.ga.ja.seși	angaj'aseși	a n g a Z a s e S i_0	True
327680	327680	întin	întina	Vmip1s	în.tin	înt'in	1 n t i n	True
103982	103982	dezvelirile	dezvelire	Ncfpry	dez.ve.li.ri.le	dezvel'irile	d e z v e l i r i l e	True
216615	216615	perfuzabila	perfuzabil	Afpfsry	per.fu.za.bi.la	perfuz'abila	p e r f u z a b i l a	True
282543	282543	suflările	suflare	Ncfpry	su.flă.ri.le	sufl'ările	s u f l @ r i l e	True
100239	100239	destructurez	destructura	Vmip1s	des.truc.tu.rez	destructur'ez	d e s t r u k t u r e z	True
69790	69790	colților	colț	Ncmpoy	col.ți.lor	c'olților	k o l ts i l o r	True
30118	30118	anapestica	anapestic	Afpfsry	a.na.pes.ti.ca	anap'estica	a n a p e s t i k a	True
299163	299163	târâi	târî	Vmis1s	tâ.râi	târ'âi	t 1 r 1 j	True
184383	184383	musturilor	must	Ncfpoy	mus.tu.ri.lor	m'usturilor	m u s t u r i l o r	True
322398	322398	înfioră	înfiora	Vmis3s	în.fi.o.ră	înfior'ă	1 n f i o r @	True
75006	75006	confidențialului	confidențial	Afpmsoy	con.fi.den.ția.lu.lui	confidenți'alului	k o n f i d e n ts j a l u l u j	True
124577	124577	farmacologiilor	farmacologie	Ncfpoy	far.ma.co.lo.gi.i.lor	farmacolog'iilor	f a r m a k o l o gZ i i l o r	True
110221	110221	drămuirea	drămuire	Ncfsry	dră.mu.i.rea	drămu'irea	d r @ m u i r e_X a	True
251156	251156	repera	=	Vmnp	re.pe.ra	reper'a	r e p e r a	True
69614	69614	cognitivilor	cognitiv	Afpmpoy	cog.ni.ti.vi.lor	cognit'ivilor	k o g n i t i v i l o r	True
207331	207331	orbești	orbi	Vmip2s	or.bești	orb'ești	o r b e S t i_0	True
151008	151008	inexorabilităților	inexorabilitate	Ncfpoy	i.ne.xo.ra.bi.li.tă.ți.lor	inexorabilit'ăților	i n e ks o r a b i l i t @ ts i l o r	True
279430	279430	strimte	strimt	Afpfson	strim.te	str'imte	s t r i m t e	True
243075	243075	ratificaserăm	ratifica	Vmil1p	ra.ti.fi.ca.se.răm	ratific'aserăm	r a t i f i k a s e r @ m	True
260817	260817	safirul	safir	Ncmsry	sa.fi.rul	saf'irul	s a f i r u l	True
191852	191852	neliniștise	neliniști	Vmil3s	ne.li.niș.ti.se	nelinișt'ise	n e l i n i S t i s e	True
329707	329707	înveliți	înveli	Vmm-2p	în.ve.liți	învel'iți	1 n v e l i ts i_0	True
145877	145877	ierarh	=	Ncms-n	ie.rarh	ier'arh	j e r a r h	True
288803	288803	telecomanda	=	Vmii3s	te.le.co.man.da	telecomand'a	t e l e k o m a n d a	True
228206	228206	predispuneau	predispune	Vmii3p	pre.dis.pu.neau	predispune'au	p r e d i s p u n e_X a w	True
34972	34972	arădeanca	arădeancă	Ncfsry	a.ră.dean.ca	arăde'anca	a r @ d e_X a n k a	True
291359	291359	timoraserăți	timora	Vmil2p	ti.mo.ra.se.răți	timor'aserăți	t i m o r a s e r @ ts i_0	True
247865	247865	reformulau	reformula	Vmii3p	re.for.mu.lau	reformul'au	r e f o r m u l a w	True
230054	230054	presopunctura	presopunctură	Ncfsry	pre.so.punc.tu.ra	presopunct'ura	p r e s o p u n k t u r a	True
249208	249208	reinvestesc	reinvesti	Vmip1s	rein.ves.tesc	reinvest'esc	r e j n v e s t e s k	True
312238	312238	zgrepțănase	zgrepțăna	Vmil3s	zgrep.ță.na.se	zgrepțăn'ase	z g r e p ts @ n a s e	True
234838	234838	propagaseși	propaga	Vmil2s	pro.pa.ga.seși	propag'aseși	p r o p a g a s e S i_0	True
193743	193743	nemailătrând	lătra	Vmg	ne.mai.lă.trând	nemailătr'ând	n e m a j l @ t r 1 n d	True
164396	164396	legalități	legalitate	Ncfson	le.ga.li.tăți	legalit'ăți	l e g a l i t @ ts i_0	True
322902	322902	înfruntatul	înfruntat	Afpmsry	în.frun.ta.tul	înfrunt'atul	1 n f r u n t a t u l	True
180509	180509	modularului	modular	Afpmsoy	mo.du.la.ru.lui	modul'arului	m o d u l a r u l u j	True
282913	282913	sugrumată	sugruma	Vmp--sf	su.gru.ma.tă	sugrum'ată	s u g r u m a t @	True
191580	191580	neintitulând	intitula	Vmg	ne.in.ti.tu.lând	neintitul'ând	n e i n t i t u l 1 n d	True
248682	248682	regretabilul	regretabil	Afpmsry	re.gre.ta.bi.lul	regret'abilul	r e g r e t a b i l u l	True
298319	298319	turkmenele	turkmenă	Ncfpry	tur.kme.ne.le	turkm'enele	t u r k m e n e l e	True
2796	2796	știuci	știucă	Ncfson	știuci	știuci	S t i u tS	True
218638	218638	pichetai	picheta	Vmis1s	pi.che.tai	pichet'ai	p i k_j e t a j	True
77715	77715	contemplaseră	contempla	Vmil3p	con.tem.pla.se.ră	contempl'aseră	k o n t e m p l a s e r @	True
270142	270142	sincerității	sinceritate	Ncfsoy	sin.ce.ri.tă.ții	sincerit'ății	s i n tS e r i t @ ts i j	True
307852	307852	vizibili	vizibil	Afpmp-n	vi.zi.bili	viz'ibili	v i z i b i l i_0	True
233385	233385	productive	productiv	Afpfp-n	pro.duc.ti.ve	product'ive	p r o d u k t i v e	True
182110	182110	morbid	=	Afpms-n	mor.bid	morb'id	m o r b i d	True
142196	142196	hexanului	hexan	Ncmsoy	he.xa.nu.lui	hex'anului	h e ks a n u l u j	True
100059	100059	destitui	=	Vmnp	des.ti.tu.i	destitu'i	d e s t i t u i	True
104426	104426	diametralul	diametral	Afpmsry	di.a.me.tra.lul	diametr'alul	d i a m e t r a l u l	True
195511	195511	nemaiîncuiind	încuia	Vmg	ne.mai.în.cu.i.ind	nemaiîncui'ind	n e m a j 1 n k u i j n d	True
142053	142053	hergheliilor	herghelie	Ncfpoy	her.ghe.li.i.lor	herghel'iilor	h e r g_j e l i i l o r	True
206050	206050	omorâții	omorât	Afpmpry	o.mo.râ.ții	omor'âții	o m o r 1 ts i j	True
26238	26238	alegră	alegru	Afpfsrn	a.le.gră	al'egră	a l e g r @	True
201862	201862	nostimiorul	nostimior	Afpmsry	nos.ti.mio.rul	nostimi'orul	n o s t i m j o r u l	True
321737	321737	îndulcește	îndulci	Vmip3s	în.dul.ceș.te	îndulc'ește	1 n d u l tS e S t e	True
271542	271542	slovaci	slovac	Ncmp-n	slo.vaci	slov'aci	s l o v a tS	True
239883	239883	răscracănă	răscrăcăna	Vmip3	răs.cra.că.nă	răscr'acănă	r @ s k r a k @ n @	True
81622	81622	cosmeticiene	cosmeticiană	Ncfson	cos.me.ti.ci.e.ne	cosmetici'ene	k o s m e t i tS i e n e	True
181698	181698	monolit	=	Ncms-n	mo.no.lit	monol'it	m o n o l i t	True
98730	98730	desenezi	desena	Vmip2s	de.se.nezi	desen'ezi	d e s e n e z i_0	True
22441	22441	admiteați	admite	Vmii2p	ad.mi.teați	admite'ați	a d m i t e_X a ts i_0	True
292586	292586	tonifieri	tonifiere	Ncfp-n	to.ni.fi.eri	tonifi'eri	t o n i f i e r i_0	True
782	782	șerbetelniță	=	Ncfsrn	șer.be.tel.ni.ță	șerbet'elniță	S e r b e t e l n i ts @	True
182927	182927	muștruluit	muștrului	Vmp--sm	muș.tru.lu.it	muștrulu'it	m u S t r u l u i t	True
248824	248824	regulasem	regula	Vmil1	re.gu.la.sem	regul'asem	r e g u l a s e m	True
151010	151010	inexplicabila	inexplicabil	Afpfsry	i.nex.pli.ca.bi.la	inexplic'abila	i n e ks p l i k a b i l a	True
282110	282110	subîntinserăm	subîntinde	Vmis1p	su.bîn.tin.se.răm	subînt'inserăm	s u b 1 n t i n s e r @ m	True
25766	25766	albanezii	albanez	Afpmpry	al.ba.ne.zii	alban'ezii	a l b a n e z i j	True
260876	260876	salarialei	salarial	Afpfsoy	sa.la.ri.a.lei	salari'alei	s a l a r i a l e j	True
225511	225511	posesorule	posesor	Ncmsvy	po.se.so.ru.le	poses'orule	p o s e s o r u l e	True
192588	192588	nemaiciungind	ciungi	Vmg	ne.mai.ciun.gind	nemaiciung'ind	n e m a j tS u n g i n d	True
52450	52450	bubuituri	bubuitură	Ncfp-n	bu.bu.i.turi	bubuit'uri	b u b u i t u r i_0	True
46302	46302	bata	bată	Ncfsry	ba.ta	b'ata	b a t a	True
246499	246499	redarăți	reda	Vmis2p	re.da.răți	red'arăți	r e d a r @ ts i_0	True
73538	73538	concernele	concern	Ncfpry	con.cer.ne.le	conc'ernele	k o n tS e r n e l e	True
285609	285609	surveniților	survenit	Afpmpoy	sur.ve.ni.ți.lor	surven'iților	s u r v e n i ts i l o r	True
117873	117873	etalai	etala	Vmii2s	e.ta.lai	etal'ai	e t a l a j	True
118963	118963	evitaseră	evita	Vmil3p	e.vi.ta.se.ră	evit'aseră	e v i t a s e r @	True
272052	272052	smuceam	smuci	Vmii1	smu.ceam	smuce'am	s m u tS a m	True
224672	224672	populații	populație	Ncfson	po.pu.la.ții	popul'ații	p o p u l a ts i j	True
281399	281399	suborbitale	suborbital	Afpfpry	su.bor.bi.ta.le	suborbit'ale	s u b o r b i t a l e	True
42597	42597	autoturnurile	autoturn	Ncfpry	a.u.to.tur.nu.ri.le	autot'urnurile	a u t o t u r n u r i l e	True
199012	199012	netăgăduitul	netăgăduit	Afpmsry	ne.tă.gă.du.i.tul	netăgădu'itul	n e t @ g @ d u i t u l	True
326219	326219	însămarăți	însăma	Vmis2p	în.să.ma.răți	însăm'arăți	1 n s @ m a r @ ts i_0	True
139350	139350	griv	=	Ncms-n	griv	griv	g r i v	True
169960	169960	măsuratelor	măsurat	Afpfpoy	mă.su.ra.te.lor	măsur'atelor	m @ s u r a t e l o r	True
137301	137301	globalizarăți	globaliza	Vmis2p	glo.ba.li.za.răți	globaliz'arăți	g l o b a l i z a r @ ts i_0	True
35479	35479	arboreze	arbora	Vmsp3	ar.bo.re.ze	arbor'eze	a r b o r e z e	True
273662	273662	sorteze	sorta	Vmsp3	sor.te.ze	sort'eze	s o r t e z e	True
22645	22645	adorabila	adorabil	Afpfsry	a.do.ra.bi.la	ador'abila	a d o r a b i l a	True
120161	120161	executoare	executor	Afpf--n	e.xe.cu.toa.re	executo'are	e gz e k u t o_X a r e	True
3189	3189	șutați	șuta	Vmip2p	șu.tați	șut'ați	S u t a ts i_0	True
305199	305199	ventilată	ventila	Vmp--sf	ven.ti.la.tă	ventil'ată	v e n t i l a t @	True
247197	247197	reeșalonând	reeșalona	Vmg	re.e.șa.lo.nând	reeșalon'ând	r e e S a l o n 1 n d	True
312069	312069	zelul	zel	Ncmsry	ze.lul	z'elul	z e l u l	True
79204	79204	contributorului	contributor	Ncmsoy	con.tri.bu.to.ru.lui	contribut'orului	k o n t r i b u t o r u l u j	True
232695	232695	probă	=	Ncfsrn	pro.bă	pr'obă	p r o b @	True
100864	100864	detonaserăți	detona	Vmil2p	de.to.na.se.răți	deton'aserăți	d e t o n a s e r @ ts i_0	True
228655	228655	pregătind	pregăti	Vmg	pre.gă.tind	pregăt'ind	p r e g @ t i n d	True
181604	181604	monocotiledonul	monocotiledon	Afpmsry	mo.no.co.ti.le.do.nul	monocotiled'onul	m o n o k o t i l e d o n u l	True
319144	319144	încolăcit	încolăci	Vmp--sm	în.co.lă.cit	încolăc'it	1 n k o l @ tS i t	True
202620	202620	nutriționista	nutriționist	Afpfsry	nu.tri.ți.o.nis.ta	nutrițion'ista	n u t r i ts i o n i s t a	True
35293	35293	aranjări	aranjare	Ncfson	a.ran.jări	aranj'ări	a r a n Z @ r i_0	True
156596	156596	intracelularul	intracelular	Afpmsry	in.tra.ce.lu.la.rul	intracelul'arul	i n t r a tS e l u l a r u l	True
140609	140609	gâscariță	=	Ncfsrn	gâs.ca.ri.ță	gâsc'ariță	g 1 s k a r i ts @	True
263075	263075	schimbai	schimba	Vmis1s	schim.bai	schimb'ai	s k_j i m b a j	True
119639	119639	excelăm	excela	Vmip1p	ex.ce.lăm	excel'ăm	e ks tS e l @ m	True
308375	308375	voinica	voinic	Afpfsry	voi.ni.ca	voin'ica	v o j n i k a	True
246402	246402	redași	reda	Vmis2s	re.dași	red'ași	r e d a S i_0	True
163166	163166	laburistei	laburist	Afpfsoy	la.bu.ris.tei	labur'istei	l a b u r i s t e j	True
79365	79365	conturase	contura	Vmil3s	con.tu.ra.se	contur'ase	k o n t u r a s e	True
123377	123377	fațadelor	fațadă	Ncfpoy	fa.ța.de.lor	faț'adelor	f a ts a d e l o r	True
305131	305131	venise	veni	Vmil3s	ve.ni.se	ven'ise	v e n i s e	True
108756	108756	doctrinara	doctrinar	Afpfsry	doc.tri.na.ra	doctrin'ara	d o k t r i n a r a	True
132593	132593	fugarului	fugar	Ncmsoy	fu.ga.ru.lui	fug'arului	f u g a r u l u j	True
73780	73780	conciselor	concis	Afpfpoy	con.ci.se.lor	conc'iselor	k o n tS i s e l o r	True
211776	211776	pandemicelor	pandemic	Afpfpoy	pan.de.mi.ce.lor	pand'emicelor	p a n d e m i tS e l o r	True
46651	46651	bazinule	bazin	Ncmsvy	ba.zi.nu.le	baz'inule	b a z i n u l e	True
325053	325053	înlocuirile	înlocuire	Ncfpry	în.lo.cu.i.ri.le	înlocu'irile	1 n l o k u i r i l e	True
88152	88152	cântăriseși	cântări	Vmil2s	cân.tă.ri.seși	cântăr'iseși	k 1 n t @ r i s e S i_0	True
209284	209284	oxigenatei	oxigenat	Afpfsoy	o.xi.ge.na.tei	oxigen'atei	o ks i gZ e n a t e j	True
218232	218232	petrecăreței	petrecăreț	Afpfsoy	pe.tre.că.re.ței	petrecăr'eței	p e t r e k @ r e ts e j	True
87827	87827	cvartir	=	Ncms-n	cvar.tir	cvart'ir	k v a r t i r	True
75050	75050	configurația	configurație	Ncfsry	con.fi.gu.ra.ți.a	configur'ația	k o n f i g u r a ts i a	True
263290	263290	scintigraficele	scintigrafic	Afpfpry	scin.ti.gra.fi.ce.le	scintigr'aficele	s tS i n t i g r a f i tS e l e	True
80370	80370	copilești	copili	Vmip2s	co.pi.lești	copil'ești	k o p i l e S t i_0	True
146931	146931	imigrat	imigra	Vmp--sm	i.mi.grat	imigr'at	i m i g r a t	True
270925	270925	sistematicienii	sistematician	Afpmpry	sis.te.ma.ti.ci.e.nii	sistematici'enii	s i s t e m a t i tS i e n i j	True
70290	70290	colindați	colinda	Vmip2p	co.lin.dați	colind'ați	k o l i n d a ts i_0	True
190174	190174	neeliberând	elibera	Vmg	ne.e.li.be.rând	neeliber'ând	n e e l i b e r 1 n d	True
254128	254128	reunificări	reunificare	Ncfson	re.u.ni.fi.cări	reunific'ări	r e u n i f i k @ r i_0	True
201441	201441	nominativule	nominativ	Ncmsvy	no.mi.na.ti.vu.le	nominat'ivule	n o m i n a t i v u l e	True
178728	178728	miorlâiserăți	miorlâi	Vmil2p	mior.lâ.i.se.răți	miorlâ'iserăți	m j o r l 1 i s e r @ ts i_0	True
136628	136628	ghiorțăiau	ghiorțăi	Vmii3p	ghior.ță.iau	ghiorțăi'au	g_j o r ts @ j a w	True
295216	295216	trataserăm	trata	Vmil1p	tra.ta.se.răm	trat'aserăm	t r a t a s e r @ m	True
3038	3038	șucul	șuc	Ncmsry	șu.cul	ș'ucul	S u k u l	True
227723	227723	precizând	preciza	Vmg	pre.ci.zând	preciz'ând	p r e tS i z 1 n d	True
57582	57582	camionete	camionetă	Ncfson	ca.mi.o.ne.te	camion'ete	k a m i o n e t e	True
94547	94547	demențe	demență	Ncfp-n	de.men.țe	dem'ențe	d e m e n ts e	True
185136	185136	mânia	mânie	Ncfsry	mâ.ni.a	mân'ia	m 1 n i a	True
287673	287673	talăștile	talașcă	Ncfpry	ta.lăș.ti.le	tal'ăștile	t a l @ S t i l e	True
216608	216608	performezi	performa	Vmsp2s	per.for.mezi	perform'ezi	p e r f o r m e z i_0	True
48607	48607	birtășițe	birtășiță	Ncfson	bir.tă.și.țe	birtăș'ițe	b i r t @ S i ts e	True
106179	106179	discreditărilor	discreditare	Ncfpoy	dis.cre.di.tă.ri.lor	discredit'ărilor	d i s k r e d i t @ r i l o r	True
137746	137746	golești	goli	Vmip2s	go.lești	gol'ești	g o l e S t i_0	True
311740	311740	zdrențuiește	zdrențui	Vmm-2s	zdren.țu.ieș.te	zdrențui'ește	z d r e n ts u j e S t e	True
266109	266109	selecționări	selecționare	Ncfson	se.lec.ți.o.nări	selecțion'ări	s e l e k ts i o n @ r i_0	True
330252	330252	învolburând	învolbura	Vmg	în.vol.bu.rând	învolbur'ând	1 n v o l b u r 1 n d	True
246337	246337	recuzării	recuzare	Ncfsoy	re.cu.ză.rii	recuz'ării	r e k u z @ r i j	True
163743	163743	lascivilor	lasciv	Afpmpoy	las.ci.vi.lor	lasc'ivilor	l a s tS i v i l o r	True
122705	122705	extravagantă	extravagant	Afpfsrn	ex.tra.va.gan.tă	extravag'antă	e ks t r a v a g a n t @	True
71595	71595	compătimind	compătimi	Vmg	com.pă.ti.mind	compătim'ind	k o m p @ t i m i n d	True
127271	127271	finanțelor	finanțe	Ncfpoy	fi.nan.țe.lor	fin'anțelor	f i n a n ts e l o r	True
73688	73688	concesiunii	concesiune	Ncfsoy	con.ce.siu.nii	concesi'unii	k o n tS e s i u n i j	True
153266	153266	insolita	insolit	Afpfsry	in.so.li.ta	insol'ita	i n s o l i t a	True
249646	249646	relaxează	relaxa	Vmm-2s	re.la.xea.ză	relaxe'ază	r e l a ks e_X a z @	True
167631	167631	loialei	loial	Afpfsoy	lo.ia.lei	loi'alei	l o j a l e j	True
217870	217870	pervertiși	perverti	Vmis2s	per.ver.tiși	pervert'iși	p e r v e r t i S i_0	True
36619	36619	armânul	armân	Afpmsry	ar.mâ.nul	arm'ânul	a r m 1 n u l	True
298468	298468	turnata	turnat	Afpfsry	tur.na.ta	turn'ata	t u r n a t a	True
293407	293407	trașii	tras	Afpmpry	tra.șii	tr'așii	t r a S i j	True
314864	314864	împăiase	împăia	Vmil3s	îm.pă.ia.se	împăi'ase	1 m p @ j a s e	True
142387	142387	hidraulicelor	hidraulic	Afpfpoy	hi.dra.u.li.ce.lor	hidra'ulicelor	h i d r a u l i tS e l o r	True
28750	28750	amenințate	amenințată	Ncfp-n	a.me.nin.ța.te	ameninț'ate	a m e n i n ts a t e	True
246391	246391	redăduserăm	reda	Vmil1p	re.dă.du.se.răm	redăd'userăm	r e d @ d u s e r @ m	True
292640	292640	topirii	topire	Ncfsoy	to.pi.rii	top'irii	t o p i r i j	True
178312	178312	minimum	=	Ncms-n	mi.ni.mum	m'inimum	m i n i m u m	True
206904	206904	oprimă	oprima	Vmip3	o.pri.mă	opr'imă	o p r i m @	True
303155	303155	vălmii	valmă	Ncfsoy	văl.mii	v'ălmii	v @ l m i j	True
85623	85623	culisanții	culisant	Afpmpry	cu.li.san.ții	culis'anții	k u l i s a n ts i j	True
285066	285066	supremului	suprem	Afpmsoy	su.pre.mu.lui	supr'emului	s u p r e m u l u j	True
246005	246005	rectificați	rectifica	Vmii2p	rec.ti.fi.cați	rectific'ați	r e k t i f i k a ts i_0	True
141463	141463	hanii	han	Ncmpry	ha.nii	h'anii	h a n i j	True
224474	224474	ponticelor	pontic	Afpfpoy	pon.ti.ce.lor	p'onticelor	p o n t i tS e l o r	True
169842	169842	măsluiam	măslui	Vmii1	măs.lu.iam	măslui'am	m @ s l u j a m	True
139638	139638	grunzilor	grunz	Ncmpoy	grun.zi.lor	gr'unzilor	g r u n z i l o r	True
40539	40539	australiano	australian	Afpfsvy	a.us.tra.li.a.no	australi'ano	a u s t r a l i a n o	True
50283	50283	bolid	=	Ncms-n	bo.lid	bol'id	b o l i d	True
165096	165096	leorbăiși	leorbăi	Vmis2s	leor.bă.iși	leorbă'iși	l e_X o r b @ i S i_0	True
280247	280247	stupinei	stupină	Ncfsoy	stu.pi.nei	stup'inei	s t u p i n e j	True
72885	72885	comunal	=	Afpms-n	co.mu.nal	comun'al	k o m u n a l	True
6716	6716	napoiat	înapoia	Vmp--sm	n.a.po.iat	napoi'at	n a p o j a t	True
191272	191272	nehăhăind	hăhăi	Vmg	neh.ă.hă.ind	nehăhă'ind	n e h @ h @ i n d	True
123085	123085	făgăduim	făgădui	Vmip1p	fă.gă.du.im	făgădu'im	f @ g @ d u i m	True
187201	187201	neșovăielnici	neșovăielnic	Afpmp-n	ne.șo.vă.iel.nici	neșovăi'elnici	n e S o v @ j e l n i tS	True
150987	150987	inexistentei	inexistent	Afpfsoy	ine.xis.ten.tei	inexist'entei	i n e gz i s t e n t e j	True
180893	180893	moldovalahul	moldovalah	Ncmsry	mol.do.va.la.hul	moldoval'ahul	m o l d o v a l a h u l	True
161705	161705	jurămintele	jurământ	Ncfpry	ju.ră.min.te.le	jurăm'intele	Z u r @ m i n t e l e	True
321700	321700	înduioșatei	înduioșat	Afpfsoy	în.du.io.șa.tei	înduioș'atei	1 n d u j o S a t e j	True
72894	72894	comunalilor	comunal	Afpmpoy	co.mu.na.li.lor	comun'alilor	k o m u n a l i l o r	True
233222	233222	procurai	procura	Vmis1s	pro.cu.rai	procur'ai	p r o k u r a j	True
31655	31655	antiamericanei	antiamerican	Afpfsoy	an.ti.a.me.ri.ca.nei	antiameric'anei	a n t i a m e r i k a n e j	True
179011	179011	miss	=	Ncfsrn	miss	miss	m i s	True
162729	162729	lărgite	lărgit	Afpfp-n	lăr.gi.te	lărg'ite	l @ r gZ i t e	True
87009	87009	curci	curcă	Ncfson	curci	curci	k u r tS	True
109907	109907	dotaseți	dota	Vmil2p	do.ta.seți	dot'aseți	d o t a s e ts i_0	True
167217	167217	localelor	local	Afpfpoy	lo.ca.le.lor	loc'alelor	l o k a l e l o r	True
61915	61915	centurași	centura	Vmis2s	cen.tu.rași	centur'ași	tS e n t u r a S i_0	True
183216	183216	mulțumiră	mulțumi	Vmis3p	mul.țu.mi.ră	mulțum'iră	m u l ts u m i r @	True
261615	261615	sanitara	sanitar	Afpfsry	sa.ni.ta.ra	sanit'ara	s a n i t a r a	True
147277	147277	impedimente	impediment	Ncfp-n	im.pe.di.men.te	impedim'ente	i m p e d i m e n t e	True
213488	213488	pariurile	pariu	Ncfpry	pa.ri.u.ri.le	par'iurile	p a r i u r i l e	True
203098	203098	obidoaselor	obidos	Afpfpoy	o.bi.doa.se.lor	obido'aselor	o b i d o_X a s e l o r	True
46207	46207	baschetbalistului	baschetbalist	Afpmsoy	bas.chet.ba.lis.tu.lui	baschetbal'istului	b a s k_j e t b a l i s t u l u j	True
48535	48535	bipartidelor	bipartid	Ncfpoy	bi.par.ti.de.lor	bipart'idelor	b i p a r t i d e l o r	True
101994	101994	dezasamblării	dezasamblare	Ncfsoy	de.za.sam.blă.rii	dezasambl'ării	d e z a s a m b l @ r i j	True
310318	310318	zăcea	=	Vmnp	ză.cea	zăce'a	z @ tS a	True
52618	52618	buciumam	buciuma	Vmii1	bu.ciu.mam	bucium'am	b u tS u m a m	True
243641	243641	readucerea	readucere	Ncfsry	re.a.du.ce.rea	read'ucerea	r e a d u tS e r e_X a	True
265565	265565	secuiască	secuiesc	Afpfsrn	se.cu.ias.că	secui'ască	s e k u j a s k @	True
148280	148280	impulsivitate	=	Ncfsrn	im.pul.si.vi.ta.te	impulsivit'ate	i m p u l s i v i t a t e	True
325501	325501	înnebunitelor	înnebunit	Afpfpoy	în.ne.bu.ni.te.lor	înnebun'itelor	1 n n e b u n i t e l o r	True
259662	259662	sălbaticului	sălbatic	Afpmsoy	săl.ba.ti.cu.lui	sălb'aticului	s @ l b a t i k u l u j	True
184509	184509	mutilat	=	Afpms-n	mu.ti.lat	mutil'at	m u t i l a t	True
74286	74286	condensase	condensa	Vmil3s	con.den.sa.se	condens'ase	k o n d e n s a s e	True
90775	90775	decanatele	decanat	Ncfpry	de.ca.na.te.le	decan'atele	d e k a n a t e l e	True
63871	63871	chimizasem	chimiza	Vmil1	chi.mi.za.sem	chimiz'asem	k_j i m i z a s e m	True
114578	114578	electronicii	electronic	Afpmpry	e.lec.tro.ni.cii	electr'onicii	e l e k t r o n i tS i j	True
314711	314711	îmbâcsești	îmbâcsi	Vmip2s	îm.bâc.sești	îmbâcs'ești	1 m b 1 k s e S t i_0	True
227201	227201	preșcolarule	preșcolar	Ncmsvy	pre.șco.la.ru.le	preșcol'arule	p r e S k o l a r u l e	True
36985	36985	artistule	artist	Ncmsvy	ar.tis.tu.le	art'istule	a r t i s t u l e	True
69021	69021	cochetul	cochet	Afpmsry	co.che.tul	coch'etul	k o k_j e t u l	True
81031	81031	corespundem	corespunde	Vmip1p	co.res.pun.dem	coresp'undem	k o r e s p u n d e m	True
248621	248621	regresam	regresa	Vmii1	re.gre.sam	regres'am	r e g r e s a m	True
9722	9722	nfocată	înfoca	Vmp--sf	n.fo.ca.tă	nfoc'ată	n f o k a t @	True
195244	195244	nemaiurecheând	urechea	Vmg	ne.mai.u.re.ch.e.ând	nemaiureche'ând	n e m a j u r e k_j e 1 n d	True
129040	129040	fluturatului	fluturat	Afpmsoy	flu.tu.ra.tu.lui	flutur'atului	f l u t u r a t u l u j	True
262397	262397	scalda	scaldă	Ncfsry	scal.da	sc'alda	s k a l d a	True
73699	73699	conchide	=	Vmip3s	con.chi.de	conch'ide	k o n k_j i d e	True
207378	207378	orbita	=	Vmnp	or.bi.ta	orbit'a	o r b i t a	True
196058	196058	nemulțumirea	nemulțumire	Ncfsry	ne.mul.țu.mi.rea	nemulțum'irea	n e m u l ts u m i r e_X a	True
203323	203323	obligaseți	obliga	Vmil2p	o.bli.ga.seți	oblig'aseți	o b l i g a s e ts i_0	True
272895	272895	soldați	solda	Vmip2p	sol.dați	sold'ați	s o l d a ts i_0	True
156147	156147	intervievate	intervievat	Afpfp-n	in.ter.vi.e.va.te	interviev'ate	i n t e r v i e v a t e	True
32496	32496	antioxidantului	antioxidant	Ncmsoy	an.ti.o.xi.dan.tu.lui	antioxid'antului	a n t i o ks i d a n t u l u j	True
184093	184093	muriseți	muri	Vmil2p	mu.ri.seți	mur'iseți	m u r i s e ts i_0	True
259244	259244	rânitelor	rânit	Afpfpoy	râ.ni.te.lor	rân'itelor	r 1 n i t e l o r	True
77537	77537	contabilo	contabilă	Ncfsvy	con.ta.bi.lo	cont'abilo	k o n t a b i l o	True
130028	130028	formalitate	=	Ncfsrn	for.ma.li.ta.te	formalit'ate	f o r m a l i t a t e	True
316365	316365	împuternicisem	împuternici	Vmil1	îm.pu.ter.ni.ci.sem	împuternic'isem	1 m p u t e r n i tS i s e m	True
86967	86967	curbau	curba	Vmii3p	cur.bau	curb'au	k u r b a w	True
230198	230198	prestigioase	prestigios	Afpfp-n	pres.ti.gi.oa.se	prestigio'ase	p r e s t i gZ i o_X a s e	True
64798	64798	cifric	=	Afpms-n	ci.fric	c'ifric	tS i f r i k	True
139965	139965	gureșii	gureș	Afpmpry	gu.re.șii	g'ureșii	g u r e S i j	True
42974	42974	avarierile	avariere	Ncfpry	a.va.ri.e.ri.le	avari'erile	a v a r i e r i l e	True
311777	311777	zdroabe	zdroabă	Ncfp-n	zdroa.be	zdro'abe	z d r o_X a b e	True
86602	86602	cuprindem	cuprinde	Vmip1p	cu.prin.dem	cupr'indem	k u p r i n d e m	True
88044	88044	câinos	=	Afpms-n	câi.nos	câin'os	k 1 j n o s	True
303255	303255	văraticele	văratic	Afpfpry	vă.ra.ti.ce.le	văr'aticele	v @ r a t i tS e l e	True
124725	124725	fasonatele	fasonat	Afpfpry	fa.so.na.te.le	fason'atele	f a s o n a t e l e	True
311969	311969	zdruncinații	zdruncinat	Ncmpry	zdrun.ci.na.ții	zdruncin'ații	z d r u n tS i n a ts i j	True
234385	234385	promisiunilor	promisiune	Ncfpoy	pro.mi.si.u.ni.lor	promisi'unilor	p r o m i s i u n i l o r	True
56305	56305	cabazlâcule	cabazlâc	Ncmsvy	ca.baz.lâ.cu.le	cabazlâc'ule	k a b a z l 1 k u l e	True
317471	317471	înarmai	înarma	Vmii2s	î.nar.mai	înarm'ai	1 n a r m a j	True
237859	237859	pupele	pupă	Ncfpry	pu.pe.le	p'upele	p u p e l e	True
74236	74236	condamnaseți	condamna	Vmil2p	con.dam.na.seți	condamn'aseți	k o n d a m n a s e ts i_0	True
46495	46495	bax	=	Ncms-n	bax	bax	b a ks	True
167852	167852	lovirile	lovire	Ncfpry	lo.vi.ri.le	lov'irile	l o v i r i l e	True
80927	80927	corelațiile	corelație	Ncfpry	co.re.la.ți.i.le	corel'ațiile	k o r e l a ts i i l e	True
42391	42391	autorizații	autorizat	Ncmpry	a.u.to.ri.za.ții	autoriz'ații	a u t o r i z a ts i j	True
221505	221505	pledaserăm	pleda	Vmil1p	ple.da.se.răm	pled'aserăm	p l e d a s e r @ m	True
178939	178939	mirosul	miros	Ncmsry	mi.ro.sul	mir'osul	m i r o s u l	True
82629	82629	cramponare	=	Ncfsrn	cram.po.na.re	crampon'are	k r a m p o n a r e	True
264627	264627	scurserăți	scurge	Vmis2p	scur.se.răți	sc'urserăți	s k u r s e r @ ts i_0	True
235465	235465	protecțiilor	protecție	Ncfpoy	pro.tec.ți.i.lor	prot'ecțiilor	p r o t e k ts i i l o r	True
282728	282728	sufocaseți	sufoca	Vmil2p	su.fo.ca.seți	sufoc'aseți	s u f o k a s e ts i_0	True
56280	56280	cabane	cabană	Ncfson	ca.ba.ne	cab'ane	k a b a n e	True
311325	311325	zbuciumaseră	zbuciuma	Vmis3p	zbu.ciu.ma.se.ră	zbucium'aseră	z b u tS u m a s e r @	True
68636	68636	coafurile	coafură	Ncfpry	coa.fu.ri.le	coaf'urile	k o_X a f u r i l e	True
300565	300565	umilito	umilită	Ncfsvy	u.mi.li.to	umil'ito	u m i l i t o	True
256566	256566	riscaseși	risca	Vmil2s	ris.ca.seși	risc'aseși	r i s k a s e S i_0	True
130140	130140	formativo	formativ	Afpfsvy	for.ma.ti.vo	format'ivo	f o r m a t i v o	True
67339	67339	clarificarăți	clarifica	Vmis2p	cla.ri.fi.ca.răți	clarific'arăți	k l a r i f i k a r @ ts i_0	True
134381	134381	gabaritelor	gabarit	Ncfpoy	ga.ba.ri.te.lor	gabar'itelor	g a b a r i t e l o r	True
224894	224894	porcule	porc	Ncmsvy	por.cu.le	p'orcule	p o r k u l e	True
146671	146671	imaginatei	imaginat	Afpfsoy	i.ma.gi.na.tei	imagin'atei	i m a gZ i n a t e j	True
250437	250437	renalului	renal	Afpmsoy	re.na.lu.lui	ren'alului	r e n a l u l u j	True
251693	251693	reprezentanților	reprezentant	Ncmpoy	re.pre.zen.tan.ți.lor	reprezent'anților	r e p r e z e n t a n ts i l o r	True
124214	124214	fanatizam	fanatiza	Vmii1	fa.na.ti.zam	fanatiz'am	f a n a t i z a m	True
149780	149780	inculpați	inculpat	Afpmp-n	in.cul.pați	inculp'ați	i n k u l p a ts i_0	True
215924	215924	peninsular	=	Afpms-n	pe.nin.su.lar	peninsul'ar	p e n i n s u l a r	True
91938	91938	decont	=	Ncms-n	de.cont	dec'ont	d e k o n t	True
328557	328557	întreprinz	întreprinde	Vmip1s	în.tre.prinz	întrepr'inz	1 n t r e p r i n z	True
189910	189910	nedisplăcând	displăcea	Vmg	ne.disp.lă.când	nedisplăc'ând	n e d i s p l @ k 1 n d	True
36829	36829	artiștii	artist	Ncmpry	ar.tiș.tii	art'iștii	a r t i S t i j	True
266805	266805	semnaserăm	semna	Vmil1p	sem.na.se.răm	semn'aserăm	s e m n a s e r @ m	True
190298	190298	neexploatata	neexploatat	Afpfsry	ne.ex.ploa.ta.ta	neexploat'ata	n e e ks p l o_X a t a t a	True
147944	147944	impresiei	impresie	Ncfsoy	im.pre.si.ei	impr'esiei	i m p r e s i e j	True
265691	265691	securistice	securistic	Afpfp-n	se.cu.ris.ti.ce	secur'istice	s e k u r i s t i tS e	True
95470	95470	dentiștilor	dentist	Ncmpoy	den.tiș.ti.lor	dent'iștilor	d e n t i S t i l o r	True
176130	176130	metamorfozați	metamorfoza	Vmii2p	me.ta.mor.fo.zați	metamorfoz'ați	m e t a m o r f o z a ts i_0	True
159156	159156	ispitirii	ispitire	Ncfsoy	is.pi.ti.rii	ispit'irii	i s p i t i r i j	True
327255	327255	însușiții	însușit	Afpmpry	în.su.și.ții	însuș'iții	1 n s u S i ts i j	True
316253	316253	împuțeam	împuți	Vmii1	îm.pu.țeam	împuțe'am	1 m p u ts e_X a m	True
165938	165938	lideri	lider	Ncmp-n	li.deri	l'ideri	l i d e r i_0	True
3809	3809	țigara	țigară	Ncfsry	ți.ga.ra	țig'ara	ts i g a r a	True
176862	176862	micoze	micoză	Ncfson	mi.co.ze	mic'oze	m i k o z e	True
173667	173667	maturităților	maturitate	Ncfpoy	ma.tu.ri.tă.ți.lor	maturit'ăților	m a t u r i t @ ts i l o r	True
290370	290370	terminusule	terminus	Ncmsvy	ter.mi.nu.su.le	t'erminusule	t e r m i n u s u l e	True
308042	308042	vizualizasem	vizualiza	Vmil1	vi.zua.li.za.sem	vizualiz'asem	v i z w a l i z a s e m	True
131783	131783	fricosul	fricos	Afpmsry	fri.co.sul	fric'osul	f r i k o s u l	True
270692	270692	sinucigașilor	sinucigaș	Afpmpoy	si.nu.ci.ga.și.lor	sinucig'așilor	s i n u tS i g a S i l o r	True
283833	283833	suplimentatul	suplimentat	Afpmsry	su.pli.men.ta.tul	supliment'atul	s u p l i m e n t a t u l	True
31814	31814	anticiclonicii	anticiclonic	Afpmpry	an.ti.ci.clo.ni.cii	anticicl'onicii	a n t i tS i k l o n i tS i j	True
57783	57783	canasta	canastă	Ncfsry	ca.nas.ta	can'asta	k a n a s t a	True
55044	55044	călim	căli	Vmip1p	că.lim	căl'im	k @ l i m	True
223223	223223	pointilist	=	Afpms-n	poin.ti.list	pointil'ist	p o j n t i l i s t	True
262506	262506	scanda	=	Vmii3s	scan.da	scand'a	s k a n d a	True
283926	283926	suportabililor	suportabil	Afpmpoy	su.por.ta.bi.li.lor	suport'abililor	s u p o r t a b i l i l o r	True
136430	136430	ghidează	ghida	Vmm-2s	ghi.dea.ză	ghide'ază	g_j i d e_X a z @	True
82661	82661	cramponările	cramponare	Ncfpry	cram.po.nă.ri.le	crampon'ările	k r a m p o n @ r i l e	True
112870	112870	echivalentul	echivalent	Ncmsry	e.chi.va.len.tul	echival'entul	e k_j i v a l e n t u l	True
314908	314908	împăienjeniseși	împăienjeni	Vmil2s	îm.pă.ien.je.ni.seși	împăienjen'iseși	1 m p @ j e n Z e n i s e S i_0	True
248818	248818	regularizările	regularizare	Ncfpry	re.gu.la.ri.ză.ri.le	regulariz'ările	r e g u l a r i z @ r i l e	True
18959	18959	aburi	=	Vmis3s	a.bu.ri	abur'i	a b u r i	True
20697	20697	act	=	Ncms-n	act	act	a k t	True
18061	18061	abilitarăm	abilita	Vmis1p	a.bi.li.ta.răm	abilit'arăm	a b i l i t a r @ m	True
247661	247661	reflexe	reflex	Afpfson	re.fle.xe	refl'exe	r e f l e ks e	True
75533	75533	conglomerați	conglomera	Vmii2p	con.glo.me.rați	conglomer'ați	k o n g l o m e r a ts i_0	True
88928	88928	dărâmații	dărâmat	Afpmpry	dă.râ.ma.ții	dărâm'ații	d @ r 1 m a ts i j	True
293123	293123	trădaseră	trăda	Vmil3p	tră.da.se.ră	trăd'aseră	t r @ d a s e r @	True
302833	302833	uzitaserăți	uzita	Vmil2p	u.zi.ta.se.răți	uzit'aserăți	u z i t a s e r @ ts i_0	True
262868	262868	scheletul	schelet	Ncmsry	sche.le.tul	schel'etul	s k_j e l e t u l	True
132570	132570	fugăriți	fugărit	Afpmp-n	fu.gă.riți	fugăr'iți	f u g @ r i ts i_0	True
223870	223870	politologului	politolog	Ncmsoy	po.li.to.lo.gu.lui	politol'ogului	p o l i t o l o g u l u j	True
305352	305352	veridic	=	Afpms-n	ve.ri.dic	ver'idic	v e r i d i k	True
162488	162488	lăcuiește	lăcui	Vmip3s	lă.cu.ieș.te	lăcui'ește	l @ k u j e S t e	True
77400	77400	consumptibil	=	Afpms-n	con.sump.ti.bil	consumpt'ibil	k o n s u m p t i b i l	True
66887	66887	clăi	=	Vmnp	clă.i	clă'i	k l @ i	True
66715	66715	civilizatului	civilizat	Afpmsoy	ci.vi.li.za.tu.lui	civiliz'atului	tS i v i l i z a t u l u j	True
46341	46341	bateți	bate	Vmm-2p	ba.teți	b'ateți	b a t e ts i_0	True
55237	55237	cănește	căni	Vmip3s	că.neș.te	căn'ește	k @ n e S t e	True
47712	47712	bidon	=	Ncms-n	bi.don	bid'on	b i d o n	True
134992	134992	gastrectomii	gastrectomie	Ncfson	gas.trec.to.mii	gastrectom'ii	g a s t r e k t o m i j	True
237176	237176	publicitara	publicitar	Afpfsry	pu.bli.ci.ta.ra	publicit'ara	p u b l i tS i t a r a	True
134209	134209	gătiră	găti	Vmis3p	gă.ti.ră	găt'iră	g @ t i r @	True
42616	42616	autoîncântării	autoîncântare	Ncfsoy	a.u.to.în.cân.tă.rii	autoîncânt'ării	a u t o 1 n k 1 n t @ r i j	True
139278	139278	gripa	=	Vmii3s	gri.pa	grip'a	g r i p a	True
47900	47900	bilaterali	bilateral	Afpmp-n	bi.la.te.rali	bilater'ali	b i l a t e r a l i_0	True
34111	34111	apocalipticului	apocaliptic	Afpmsoy	a.po.ca.lip.ti.cu.lui	apocal'ipticului	a p o k a l i p t i k u l u j	True
91163	91163	decernaseși	decerna	Vmil2s	de.cer.na.seși	decern'aseși	d e tS e r n a s e S i_0	True
69502	69502	coexist	coexista	Vmip1s	co.e.xist	coex'ist	k o e gz i s t	True
184148	184148	murmuite	murmui	Vmp--pf	mur.mu.i.te	murmu'ite	m u r m u i t e	True
266097	266097	selecția	selecție	Ncfsry	se.lec.ți.a	sel'ecția	s e l e k ts i a	True
295730	295730	tremurarăți	tremura	Vmis2p	tre.mu.ra.răți	tremur'arăți	t r e m u r a r @ ts i_0	True
189987	189987	nedosind	dosi	Vmg	ne.do.sind	nedos'ind	n e d o s i n d	True
21264	21264	acuzatorul	acuzator	Afpmsry	a.cu.za.to.rul	acuzat'orul	a k u z a t o r u l	True
279273	279273	stricata	stricat	Afpfsry	stri.ca.ta	stric'ata	s t r i k a t a	True
108901	108901	dodecasilabicei	dodecasilabic	Afpfsoy	do.de.ca.si.la.bi.cei	dodecasil'abicei	d o d e k a s i l a b i tS e j	True
26807	26807	alinătoarei	alinător	Afpfsoy	a.li.nă.toa.rei	alinăto'arei	a l i n @ t o_X a r e j	True
213077	213077	parazitaseți	parazita	Vmil2p	pa.ra.zi.ta.seți	parazit'aseți	p a r a z i t a s e ts i_0	True
46424	46424	batjocoritul	batjocorit	Ncmsry	bat.jo.co.ri.tul	batjocor'itul	b a t Z o k o r i t u l	True
60232	60232	cataractele	cataractă	Ncfpry	ca.ta.rac.te.le	catar'actele	k a t a r a k t e l e	True
37245	37245	asambloare	asamblor	Ncfp-n	a.sam.bloa.re	asamblo'are	a s a m b l o_X a r e	True
26440	26440	alestânci	alestâncă	Ncfp-n	a.les.tânci	alest'ânci	a l e s t 1 n tS	True
278203	278203	stoicelor	stoic	Afpfpoy	sto.i.ce.lor	st'oicelor	s t o i tS e l o r	True
244063	244063	reamintești	reaminti	Vmip2s	re.a.min.tești	reamint'ești	r e a m i n t e S t i_0	True
71073	71073	comedii	comedie	Ncfp-n	co.me.dii	comed'ii	k o m e d i j	True
53431	53431	bulzurile	bulz	Ncfpry	bul.zu.ri.le	b'ulzurile	b u l z u r i l e	True
287325	287325	tabletași	tableta	Vmis2s	ta.ble.tași	tablet'ași	t a b l e t a S i_0	True
249581	249581	relator	=	Ncms-n	re.la.tor	relat'or	r e l a t o r	True
77249	77249	consultant	=	Ncms-n	con.sul.tant	consult'ant	k o n s u l t a n t	True
301941	301941	urlai	urla	Vmis1s	ur.lai	url'ai	u r l a j	True
207569	207569	ordonații	ordonat	Afpmpry	or.do.na.ții	ordon'ații	o r d o n a ts i j	True
104233	104233	diagnosticasem	diagnostica	Vmil1	di.a.gnos.ti.ca.sem	diagnostic'asem	d i a g n o s t i k a s e m	True
184486	184486	mutelcă	=	Ncfsrn	mu.tel.că	mut'elcă	m u t e l k @	True
129538	129538	folositei	folosit	Afpfsoy	fo.lo.si.tei	folos'itei	f o l o s i t e j	True
200633	200633	neînsuflețiților	neînsuflețit	Afpmpoy	ne.în.su.fle.ți.ți.lor	neînsufleț'iților	n e 1 n s u f l e ts i ts i l o r	True
59560	59560	carta	=	Vmnp	car.ta	cart'a	k a r t a	True
117583	117583	esopicului	esopic	Afpmsoy	e.so.pi.cu.lui	es'opicului	e s o p i k u l u j	True
19033	19033	abuzează	abuza	Vmm-2s	a.bu.zea.ză	abuze'ază	a b u z e_X a z @	True
324274	324274	îngroziților	îngrozit	Afpmpoy	în.gro.zi.ți.lor	îngroz'iților	1 n g r o z i ts i l o r	True
171906	171906	manifestezi	manifesta	Vmip2s	ma.ni.fes.tezi	manifest'ezi	m a n i f e s t e z i_0	True
132827	132827	fumuarele	fumuar	Ncfpry	fu.mu.a.re.le	fumu'arele	f u m u a r e l e	True
91921	91921	deconspirat	deconspira	Vmp--sm	de.cons.pi.rat	deconspir'at	d e k o n s p i r a t	True
287363	287363	tablourilor	tablou	Ncfpoy	ta.blo.u.ri.lor	tabl'ourilor	t a b l o u r i l o r	True
316376	316376	împuternicite	împuternicit	Afpfson	îm.pu.ter.ni.ci.te	împuternic'ite	1 m p u t e r n i tS i t e	True
224732	224732	popularizați	populariza	Vmip2p	po.pu.la.ri.zați	populariz'ați	p o p u l a r i z a ts i_0	True
133058	133058	fundamentat	fundamenta	Vmp--sm	fun.da.men.tat	fundament'at	f u n d a m e n t a t	True
79167	79167	contribui	=	Vmip2s	con.tri.bui	contr'ibui	k o n t r i b u j	True
305552	305552	verse	vărsa	Vmsp3	ver.se	v'erse	v e r s e	True
309372	309372	vultur	=	Ncms-n	vul.tur	v'ultur	v u l t u r	True
131666	131666	fredonaserăm	fredona	Vmil1p	fre.do.na.se.răm	fredon'aserăm	f r e d o n a s e r @ m	True
183690	183690	muncitorescul	muncitoresc	Afpmsry	mun.ci.to.res.cul	muncitor'escul	m u n tS i t o r e s k u l	True
178514	178514	minunaseră	minuna	Vmil3p	mi.nu.na.se.ră	minun'aseră	m i n u n a s e r @	True
244656	244656	recepționata	recepționat	Afpfsry	re.cep.ți.o.na.ta	recepțion'ata	r e tS e p ts i o n a t a	True
43108	43108	avertisment	=	Ncms-n	a.ver.tis.ment	avertism'ent	a v e r t i s m e n t	True
27798	27798	amărai	amărî	Vmii2s	a.mă.rai	amăr'ai	a m @ r a j	True
287417	287417	tachinaserăți	tachina	Vmil2p	ta.chi.na.se.răți	tachin'aserăți	t a k_j i n a s e r @ ts i_0	True
248781	248781	regulariza	=	Vmii3s	re.gu.la.ri.za	regulariz'a	r e g u l a r i z a	True
100048	100048	destinsă	destins	Afpfsrn	des.tin.să	dest'insă	d e s t i n s @	True
287249	287249	tabelele	tabel	Ncfpry	ta.be.le.le	tab'elele	t a b e l e l e	True
91496	91496	declarai	declara	Vmis1s	de.cla.rai	declar'ai	d e k l a r a j	True
61761	61761	centralizase	centraliza	Vmil3s	cen.tra.li.za.se	centraliz'ase	tS e n t r a l i z a s e	True
77959	77959	contigentelor	contigent	Ncfpoy	con.ti.gen.te.lor	contig'entelor	k o n t i gZ e n t e l o r	True
164947	164947	leniniste	leninist	Afpfson	le.ni.nis.te	lenin'iste	l e n i n i s t e	True
163913	163913	laudative	laudativ	Afpfson	la.u.da.ti.ve	laudat'ive	l a u d a t i v e	True
157451	157451	inventatele	inventat	Afpfpry	in.ven.ta.te.le	invent'atele	i n v e n t a t e l e	True
173080	173080	mascații	mascat	Afpmpry	mas.ca.ții	masc'ații	m a s k a ts i j	True
283946	283946	suportate	suporta	Vmp--pf	su.por.ta.te	suport'ate	s u p o r t a t e	True
298136	298136	turbosuflantelor	turbosuflantă	Ncfpoy	tur.bo.su.flan.te.lor	turbosufl'antelor	t u r b o s u f l a n t e l o r	True
213532	213532	parlamentai	parlamenta	Vmii2s	par.la.men.tai	parlament'ai	p a r l a m e n t a j	True
56288	56288	cabanierul	cabanier	Ncmsry	ca.ba.ni.e.rul	cabani'erul	k a b a n i e r u l	True
134139	134139	găselnițe	găselniță	Ncfp-n	gă.sel.ni.țe	găs'elnițe	g @ s e l n i ts e	True
74957	74957	confesionalului	confesional	Afpmsoy	con.fe.si.o.na.lu.lui	confesion'alului	k o n f e s i o n a l u l u j	True
18263	18263	abonez	abona	Vmip1s	a.bo.nez	abon'ez	a b o n e z	True
206939	206939	opritele	oprit	Afpfpry	o.pri.te.le	opr'itele	o p r i t e l e	True
283901	283901	supliniși	suplini	Vmis2s	su.pli.niși	suplin'iși	s u p l i n i S i_0	True
249350	249350	rejudecaseră	rejudeca	Vmil3p	re.ju.de.ca.se.ră	rejudec'aseră	r e Z u d e k a s e r @	True
99604	99604	despărțitorul	despărțitor	Afpmsry	des.păr.ți.to.rul	despărțit'orul	d e s p @ r ts i t o r u l	True
184498	184498	mutilareo	mutilare	Ncfsvy	mu.ti.la.reo	mutil'areo	m u t i l a r e_X o	True
28704	28704	amenință	amenința	Vmip3	a.me.nin.ță	am'enință	a m e n i n ts @	True
326046	326046	înroșind	înroși	Vmg	în.ro.șind	înroș'ind	1 n r o S i n d	True
319745	319745	încrucișate	încrucișa	Vmp--pf	în.cru.ci.șa.te	încruciș'ate	1 n k r u tS i S a t e	True
126551	126551	figurasem	figura	Vmil1	fi.gu.ra.sem	figur'asem	f i g u r a s e m	True
218868	218868	picurau	picura	Vmii3p	pi.cu.rau	picur'au	p i k u r a w	True
71169	71169	comentariu	=	Ncms-n	co.men.ta.riu	coment'ariu	k o m e n t a r j u	True
120006	120006	excursia	excursie	Ncfsry	ex.cur.si.a	exc'ursia	e ks k u r s i a	True
270397	270397	singalezule	singalez	Afpmsvy	sin.ga.le.zu.le	singal'ezule	s i n g a l e z u l e	True
145128	145128	iazul	iaz	Ncmsry	ia.zul	i'azul	j a z u l	True
170957	170957	maimuțe	maimuță	Ncfson	mai.mu.țe	maim'uțe	m a j m u ts e	True
76122	76122	conservatoareo	conservatoare	Ncfsvy	con.ser.va.toa.reo	conservato'areo	k o n s e r v a t o_X a r e_X o	True
180508	180508	modularule	modular	Afpmsvy	mo.du.la.ru.le	modul'arule	m o d u l a r u l e	True
38552	38552	aspiratoarelor	aspirator	Afpfpoy	as.pi.ra.toa.re.lor	aspirato'arelor	a s p i r a t o_X a r e l o r	True
326331	326331	însănătoșitul	însănătoșit	Afpmsry	în.să.nă.to.și.tul	însănătoș'itul	1 n s @ n @ t o S i t u l	True
292446	292446	toluenule	toluen	Ncmsvy	to.lu.e.nu.le	tolu'enule	t o l u e n u l e	True
189506	189506	nedeclarată	nedeclarat	Afpfsrn	ne.de.cla.ra.tă	nedeclar'ată	n e d e k l a r a t @	True
288588	288588	teatrologii	teatrolog	Ncmpry	tea.tro.lo.gii	teatrol'ogii	t e_X a t r o l o gZ i j	True
93619	93619	degivrați	degivra	Vmii2p	de.gi.vrați	degivr'ați	d e gZ i v r a ts i_0	True
326315	326315	însănătoșisem	însănătoși	Vmil1	în.să.nă.to.și.sem	însănătoș'isem	1 n s @ n @ t o S i s e m	True
32276	32276	antihistaminicelor	antihistaminic	Afpfpoy	an.ti.his.ta.mi.ni.ce.lor	antihistam'inicelor	a n t i h i s t a m i n i tS e l o r	True
319137	319137	încolăcise	încolăci	Vmil3s	în.co.lă.ci.se	încolăc'ise	1 n k o l @ tS i s e	True
274737	274737	speriate	speria	Vmp--pf	spe.ri.a.te	speri'ate	s p e r i a t e	True
149158	149158	incitantelor	incitant	Afpfpoy	in.ci.tan.te.lor	incit'antelor	i n tS i t a n t e l o r	True
170937	170937	maidanul	maidan	Ncmsry	mai.da.nul	maid'anul	m a j d a n u l	True
225518	225518	posibile	posibil	Afpfp-n	po.si.bi.le	pos'ibile	p o s i b i l e	True
96253	96253	deportez	deporta	Vmip1s	de.por.tez	deport'ez	d e p o r t e z	True
18045	18045	abile	abil	Afpfp-n	a.bi.le	ab'ile	a b i l e	True
57916	57916	candidaturii	candidatură	Ncfsoy	can.di.da.tu.rii	candidat'urii	k a n d i d a t u r i j	True
82017	82017	cotiturii	cotitură	Ncfsoy	co.ti.tu.rii	cotit'urii	k o t i t u r i j	True
307599	307599	vitalei	vital	Afpfsoy	vi.ta.lei	vit'alei	v i t a l e j	True
50029	50029	boicotate	boicotat	Afpfp-n	boi.co.ta.te	boicot'ate	b o j k o t a t e	True
323018	323018	înfrânse	înfrânge	Vmis3s	în.frân.se	înfr'ânse	1 n f r 1 n s e	True
230359	230359	pretinsa	pretins	Afpfsry	pre.tin.sa	pret'insa	p r e t i n s a	True
63666	63666	chicoteai	chicoti	Vmii2s	chi.co.teai	chicote'ai	k_j i k o t e_X a j	True
171935	171935	manipulăm	manipula	Vmip1p	ma.ni.pu.lăm	manipul'ăm	m a n i p u l @ m	True
161064	161064	jnăpăiți	jnăpăi	Vmm-2p	jnă.pă.iți	jnăpă'iți	Z n @ p @ i ts i_0	True
108316	108316	divulgaseși	divulga	Vmil2s	di.vul.ga.seși	divulg'aseși	d i v u l g a s e S i_0	True
153939	153939	instrumentaserăți	instrumenta	Vmil2p	in.stru.men.ta.se.răți	instrument'aserăți	i n s t r u m e n t a s e r @ ts i_0	True
242921	242921	rasismului	rasism	Ncmsoy	ra.sis.mu.lui	ras'ismului	r a s i s m u l u j	True
47795	47795	biftecurilor	biftec	Ncfpoy	bif.te.cu.ri.lor	b'iftecurilor	b i f t e k u r i l o r	True
320089	320089	încununările	încununare	Ncfpry	în.cu.nu.nă.ri.le	încunun'ările	1 n k u n u n @ r i l e	True
45695	45695	bancherului	bancher	Ncmsoy	ban.che.ru.lui	banch'erului	b a n k_j e r u l u j	True
78008	78008	continuarea	continuare	Ncfsry	con.ti.nu.a.rea	continu'area	k o n t i n u a r e_X a	True
165146	165146	lepădătura	lepădătură	Ncfsry	le.pă.dă.tu.ra	lepădăt'ura	l e p @ d @ t u r a	True
208928	208928	otorinolaringologicele	otorinolaringologic	Afpfpry	o.to.ri.no.la.rin.go.lo.gi.ce.le	otorinolaringol'ogicele	o t o r i n o l a r i n g o l o gZ i tS e l e	True
318630	318630	încheiați	încheia	Vmp--pm	în.che.iați	închei'ați	1 n k_j e j a ts i_0	True
25499	25499	alăturată	alătura	Vmp--sf	a.lă.tu.ra.tă	alătur'ată	a l @ t u r a t @	True
18208	18208	abominabilului	abominabil	Afpmsoy	a.bo.mi.na.bi.lu.lui	abomin'abilului	a b o m i n a b i l u l u j	True
121347	121347	exploataseră	exploata	Vmil3p	ex.ploa.ta.se.ră	exploat'aseră	e ks p l o_X a t a s e r @	True
282840	282840	sugestive	sugestiv	Afpfson	su.ges.ti.ve	sugest'ive	s u gZ e s t i v e	True
207889	207889	orgolioasa	orgolios	Afpfsry	or.go.li.oa.sa	orgolio'asa	o r g o l i o_X a s a	True
123240	123240	fărmacă	fărmăca	Vmm-2s	făr.ma.că	fărm'acă	f @ r m a k @	True
182738	182738	mrenelor	mreană	Ncfpoy	mre.ne.lor	mr'enelor	m r e n e l o r	True
161054	161054	jnăpăiseră	jnăpăi	Vmil3p	jnă.pă.i.se.ră	jnăpă'iseră	Z n @ p @ i s e r @	True
168313	168313	luminate	lumina	Vmp--pf	lu.mi.na.te	lumin'ate	l u m i n a t e	True
78231	78231	contraatacaseți	contraataca	Vmil2p	con.tra.a.ta.ca.seți	contraatac'aseți	k o n t r a a t a k a s e ts i_0	True
181728	181728	monopol	=	Ncms-n	mo.no.pol	monop'ol	m o n o p o l	True
246715	246715	redescoperite	redescoperit	Afpfp-n	re.des.co.pe.ri.te	redescoper'ite	r e d e s k o p e r i t e	True
276329	276329	stăpâniserăți	stăpâni	Vmil2p	stă.pâ.ni.se.răți	stăpân'iserăți	s t @ p 1 n i s e r @ ts i_0	True
169641	169641	mărturisise	mărturisi	Vmil3s	măr.tu.ri.si.se	mărturis'ise	m @ r t u r i s i s e	True
141171	141171	haiducirăți	haiduci	Vmis2p	hai.du.ci.răți	haiduc'irăți	h a j d u tS i r @ ts i_0	True
290516	290516	termoreglările	termoreglare	Ncfpry	ter.mo.re.glă.ri.le	termoregl'ările	t e r m o r e g l @ r i l e	True
256343	256343	rigidei	rigid	Afpfsoy	ri.gi.dei	rig'idei	r i gZ i d e j	True
183826	183826	murăturii	murătură	Ncfsoy	mu.ră.tu.rii	murăt'urii	m u r @ t u r i j	True
279482	279482	strivirăm	strivi	Vmis1p	stri.vi.răm	striv'irăm	s t r i v i r @ m	True
155651	155651	internului	intern	Afpmsoy	in.ter.nu.lui	int'ernului	i n t e r n u l u j	True
283949	283949	suportatei	suportat	Afpfsoy	su.por.ta.tei	suport'atei	s u p o r t a t e j	True
201513	201513	nonintervenția	nonintervenție	Ncfsry	no.nin.ter.ven.ți.a	noninterv'enția	n o n i n t e r v e n ts i a	True
159742	159742	ivire	=	Ncfsrn	i.vi.re	iv'ire	i v i r e	True
208947	208947	otorinolaringologă	otorinolaringolog	Afpfsrn	o.to.ri.no.la.rin.go.lo.gă	otorinolaringol'ogă	o t o r i n o l a r i n g o l o g @	True
263718	263718	scot	scoate	Vmip1s	scot	scot	s k o t	True
72659	72659	comprimato	comprimat	Afpfsvy	com.pri.ma.to	comprim'ato	k o m p r i m a t o	True
270650	270650	sintezelor	sinteză	Ncfpoy	sin.te.ze.lor	sint'ezelor	s i n t e z e l o r	True
59417	59417	caritabilo	caritabil	Afpfsvy	ca.ri.ta.bi.lo	carit'abilo	k a r i t a b i l o	True
3572	3572	țarțamuri	țarțam	Ncfp-n	țar.ța.muri	țarț'amuri	ts a r ts a m u r i_0	True
110426	110426	dramatizații	dramatizat	Afpmpry	dra.ma.ti.za.ții	dramatiz'ații	d r a m a t i z a ts i j	True
24682	24682	agravanți	agravant	Afpmp-n	a.gra.vanți	agrav'anți	a g r a v a n ts i_0	True
129887	129887	forfecasem	forfeca	Vmil1	for.fe.ca.sem	forfec'asem	f o r f e k a s e m	True
266139	266139	selecționase	selecționa	Vmil3s	se.lec.ți.o.na.se	selecțion'ase	s e l e k ts i o n a s e	True
178397	178397	minoritare	minoritar	Afpfp-n	mi.no.ri.ta.re	minorit'are	m i n o r i t a r e	True
91053	91053	decembriste	decembristă	Ncfp-n	de.cem.bris.te	decembr'iste	d e tS e m b r i s t e	True
39229	39229	atenționând	atenționa	Vmg	a.ten.țio.nând	atențion'ând	a t e n ts j o n 1 n d	True
49555	49555	blumurilor	blum	Ncfpoy	blu.mu.ri.lor	bl'umurilor	b l u m u r i l o r	True
204753	204753	odrăslitorului	odrăslitor	Afpmsoy	o.drăs.li.to.ru.lui	odrăslit'orului	o d r @ s l i t o r u l u j	True
249554	249554	relativelor	relativ	Afpfpoy	re.la.ti.ve.lor	relat'ivelor	r e l a t i v e l o r	True
314331	314331	îmbrățișând	îmbrățișa	Vmg	îm.bră.ți.șând	îmbrățiș'ând	1 m b r @ ts i S 1 n d	True
229622	229622	preparatoarea	preparator	Afpfsry	pre.pa.ra.toa.rea	preparato'area	p r e p a r a t o_X a r e_X a	True
106543	106543	disjunsei	disjunge	Vmis1s	dis.jun.sei	disjuns'ei	d i s Z u n s e j	True
52294	52294	brutele	brută	Ncfpry	bru.te.le	br'utele	b r u t e l e	True
172345	172345	marcați	marca	Vmii2p	mar.cați	marc'ați	m a r k a ts i_0	True
150749	150749	ineditului	inedit	Afpmsoy	ine.di.tu.lui	ined'itului	i n e d i t u l u j	True
286473	286473	sârboaice	sârboaică	Ncfson	sâr.boai.ce	sârbo'aice	s 1 r b o_X a j tS e	True
238241	238241	puternic	=	Afpms-n	pu.ter.nic	put'ernic	p u t e r n i k	True
289266	289266	tema	temă	Ncfsry	te.ma	t'ema	t e m a	True
63030	63030	charter	=	Ncms-n	char.ter	ch'arter	tS a r t @ r	True
247605	247605	reflectata	reflectat	Afpfsry	re.flec.ta.ta	reflect'ata	r e f l e k t a t a	True
142961	142961	hipoacuzii	hipoacuzie	Ncfson	hi.po.a.cu.zii	hipoacuz'ii	h i p o a k u z i j	True
153598	153598	instaurările	instaurare	Ncfpry	in.sta.u.ră.ri.le	instaur'ările	i n s t a u r @ r i l e	True
239692	239692	răriții	rărit	Afpmpry	ră.ri.ții	răr'iții	r @ r i ts i j	True
295508	295508	treazul	treaz	Afpmsry	trea.zul	tre'azul	t r e_X a z u l	True
324281	324281	îngurgitărilor	îngurgitare	Ncfpoy	în.gur.gi.tă.ri.lor	îngurgit'ărilor	1 n g u r gZ i t @ r i l o r	True
183321	183321	multidisciplinarei	multidisciplinar	Afpfsoy	mul.ti.dis.ci.pli.na.rei	multidisciplin'arei	m u l t i d i s tS i p l i n a r e j	True
303884	303884	valorarăm	valora	Vmis1p	va.lo.ra.răm	valor'arăm	v a l o r a r @ m	True
302434	302434	ustensile	ustensilă	Ncfp-n	us.ten.si.le	ustens'ile	u s t e n s i l e	True
75580	75580	congresmenului	congresmen	Ncmsoy	con.gres.me.nu.lui	congr'esmenului	k o n g r e s m e n u l u j	True
48606	48606	birtășițe	birtășiță	Ncfp-n	bir.tă.și.țe	birtăș'ițe	b i r t @ S i ts e	True
284395	284395	supraimpozitărilor	supraimpozitare	Ncfpoy	su.pra.im.po.zi.tă.ri.lor	supraimpozit'ărilor	s u p r a i m p o z i t @ r i l o r	True
109519	109519	donaților	donat	Afpmpoy	do.na.ți.lor	don'aților	d o n a ts i l o r	True
179719	179719	moșiți	moși	Vmip2p	mo.șiți	moș'iți	m o S i ts i_0	True
141601	141601	harghitenii	harghitean	Afpmpry	har.ghi.te.nii	harghit'enii	h a r g_j i t e n i j	True
44452	44452	bănuiseră	bănui	Vmil3p	bă.nu.i.se.ră	bănu'iseră	b @ n u i s e r @	True
314712	314712	îmbâcsi	=	Vmis3s	îm.bâc.si	îmbâcs'i	1 m b 1 k s j	True
173487	173487	matofește	matofi	Vmm-2s	ma.to.feș.te	matof'ește	m a t o f e S t e	True
143176	143176	histologii	histologie	Ncfson	his.to.lo.gii	histolog'ii	h i s t o l o gZ i j	True
280525	280525	stârci	stârc	Ncmp-n	stârci	stârci	s t 1 r tS	True
108215	108215	divizio	divizie	Ncfsvy	di.vi.zi.o	diviz'io	d i v i z i o	True
285975	285975	suspendați	suspenda	Vmii2p	sus.pen.dați	suspend'ați	s u s p e n d a ts i_0	True
209649	209649	păcate	păcat	Ncfp-n	pă.ca.te	păc'ate	p @ k a t e	True
3815	3815	țigaretei	țigaretă	Ncfsoy	ți.ga.re.tei	țigar'etei	ts i g a r e t e j	True
189168	189168	necriticând	critica	Vmg	ne.cri.ti.când	necritic'ând	n e k r i t i k 1 n d	True
153535	153535	instantaneul	instantaneu	Ncmsry	in.stan.ta.ne.ul	instantan'eul	i n s t a n t a n e u l	True
292965	292965	totalizam	totaliza	Vmii1	to.ta.li.zam	totaliz'am	t o t a l i z a m	True
64207	64207	chircesc	chirci	Vmip3p	chir.cesc	chirc'esc	k_j i r tS e s k	True
318738	318738	închipuii	închipui	Vmis1s	în.chi.pu.ii	închipu'ii	1 n k_j i p u i j	True
318595	318595	închei	încheia	Vmip2s	în.chei	înch'ei	1 n k_j e j	True
112781	112781	echitabilelor	echitabil	Afpfpoy	e.chi.ta.bi.le.lor	echit'abilelor	e k_j i t a b i l e l o r	True
59251	59251	cardiovascularului	cardiovascular	Afpmsoy	car.di.o.vas.cu.la.ru.lui	cardiovascul'arului	k a r d i o v a s k u l a r u l u j	True
175391	175391	meningococilor	meningococ	Ncmpoy	me.nin.go.co.ci.lor	meningoc'ocilor	m e n i n g o k o tS i l o r	True
285761	285761	susținătorule	susținător	Ncmsvy	sus.ți.nă.to.ru.le	susținăt'orule	s u s ts i n @ t o r u l e	True
242617	242617	rana	rană	Ncfsry	ra.na	r'ana	r a n a	True
307425	307425	virtutea	virtute	Ncfsry	vir.tu.tea	virt'utea	v i r t u t e_X a	True
42031	42031	autonomiză	autonomiza	Vmis3s	a.u.to.no.mi.ză	autonomiz'ă	a u t o n o m i z @	True
146119	146119	igienică	igienic	Afpfsrn	i.gi.e.ni.că	igi'enică	i gZ i e n i k @	True
191068	191068	negociatorului	negociator	Ncmsoy	ne.go.ci.a.to.ru.lui	negociat'orului	n e g o tS i a t o r u l u j	True
58542	58542	caporalului	caporal	Ncmsoy	ca.po.ra.lu.lui	capor'alului	k a p o r a l u l u j	True
114086	114086	egumeniseră	egumeni	Vmil3p	e.gu.me.ni.se.ră	egumen'iseră	e g u m e n i s e r @	True
86427	86427	cununasem	cununa	Vmil1	cu.nu.na.sem	cunun'asem	k u n u n a s e m	True
225860	225860	postoperatoriei	postoperatoriu	Afpfsoy	post.o.pe.ra.to.ri.ei	postoperat'oriei	p o s t o p e r a t o r i e j	True
272099	272099	smulgeați	smulge	Vmii2p	smul.geați	smulge'ați	s m u l gZ a ts i_0	True
199199	199199	netransparente	netransparent	Afpfson	ne.trans.pa.ren.te	netranspar'ente	n e t r a n s p a r e n t e	True
84724	84724	crâsnicii	crâsnic	Ncmpry	crâs.ni.cii	cr'âsnicii	k r 1 s n i tS i j	True
188834	188834	neconcludenți	neconcludent	Afpmp-n	ne.con.clu.denți	neconclud'enți	n e k o n k l u d e n ts i_0	True
176470	176470	mezdrirăți	mezdri	Vmis2p	mez.dri.răți	mezdr'irăți	m e z d r i r @ ts i_0	True
48749	48749	bismutul	bismut	Ncmsry	bis.mu.tul	b'ismutul	b i s m u t u l	True
239257	239257	răfuielii	răfuială	Ncfsoy	ră.fu.ie.lii	răfui'elii	r @ f u j e l i j	True
177036	177036	microfoane	microfon	Ncfp-n	mi.cro.foa.ne	microfo'ane	m i k r o f o_X a n e	True
280384	280384	stâmpărau	stâmpăra	Vmii3p	stâm.pă.rau	stâmpăr'au	s t 1 m p @ r a w	True
3547	3547	țarigrădean	=	Ncms-n	ța.ri.gră.dean	țarigrăde'an	ts a r i g r @ d e_X a n	True
291646	291646	tiparnițe	tiparniță	Ncfp-n	ti.par.ni.țe	tip'arnițe	t i p a r n i ts e	True
39171	39171	atenției	atenție	Ncfsoy	a.ten.ți.ei	at'enției	a t e n ts i e j	True
287731	287731	talentului	talent	Ncmsoy	ta.len.tu.lui	tal'entului	t a l e n t u l u j	True
49369	49369	blindații	blindat	Ncmpry	blin.da.ții	blind'ații	b l i n d a ts i j	True
96651	96651	deprofesionalizeze	deprofesionaliza	Vmsp3	de.pro.fe.si.o.na.li.ze.ze	deprofesionaliz'eze	d e p r o f e s i o n a l i z e z e	True
156211	156211	interzici	interzice	Vmip2s	in.ter.zici	interz'ici	i n t e r z i tS	True
162206	162206	kilomoli	kilomol	Ncmp-n	ki.lo.moli	kilom'oli	k i l o m o l i_0	True
316250	316250	împuști	împușca	Vmip2s	îm.puști	împ'uști	1 m p u S t i_0	True
249505	249505	relatarăm	relata	Vmis1p	re.la.ta.răm	relat'arăm	r e l a t a r @ m	True
237775	237775	pungiți	pungi	Vmp--pm	pun.giți	pung'iți	p u n gZ i ts i_0	True
324702	324702	înjumătăți	=	Vmnp	în.ju.mă.tă.ți	înjumătăț'i	1 n Z u m @ t @ ts i_0	True
323914	323914	îngreunat	îngreuna	Vmp--sm	în.gre.u.nat	îngreun'at	1 n g r e u n a t	True
172375	172375	marcarea	marcare	Ncfsry	mar.ca.rea	marc'area	m a r k a r e_X a	True
178503	178503	minuțioșilor	minuțios	Afpmpoy	mi.nu.ți.o.și.lor	minuți'oșilor	m i n u ts i o S i l o r	True
59000	59000	caragialeștilor	caragialesc	Afp-poy	ca.ra.gia.leș.ti.lor	caragial'eștilor	k a r a gZ i a l e S t i l o r	True
2433	2433	ștampilați	ștampila	Vmip2p	ștam.pi.lați	ștampil'ați	S t a m p i l a ts i_0	True
36143	36143	arhitectonicul	arhitectonic	Afpmsry	ar.hi.tec.to.ni.cul	arhitect'onicul	a r h i t e k t o n i k u l	True
157949	157949	involuntarelor	involuntar	Afpfpoy	in.vo.lun.ta.re.lor	involunt'arelor	i n v o l u n t a r e l o r	True
154749	154749	interacționam	interacționa	Vmii1	in.te.rac.țio.nam	interacțion'am	i n t e r a k ts j o n a m	True
18908	18908	aburc	aburca	Vmip1s	a.burc	ab'urc	a b u r k	True
240786	240786	rătăciți	rătăci	Vmip2p	ră.tă.ciți	rătăc'iți	r @ t @ tS i ts i_0	True
290569	290569	ternă	tern	Afpfsrn	ter.nă	t'ernă	t e r n @	True
166573	166573	linx	=	Ncms-n	linx	linx	l i n ks	True
54916	54916	călțun	=	Ncms-n	căl.țun	călț'un	k @ l ts u n	True
255038	255038	rezemate	rezema	Vmp--pf	re.ze.ma.te	rezem'ate	r e z e m a t e	True
46966	46966	beliserăți	beli	Vmil2p	be.li.se.răți	bel'iserăți	b e l i s e r @ ts i_0	True
108058	108058	diversul	divers	Afpmsry	di.ver.sul	div'ersul	d i v e r s u l	True
185937	185937	nărtoasei	nărtos	Afpfsoy	năr.toa.sei	nărto'asei	n @ r t o_X a s e j	True
292207	292207	tocii	toci	Vmis1s	to.cii	toc'ii	t o tS i j	True
301492	301492	uralele	ura	Ncfpry	u.ra.le.le	ur'alele	u r a l e l e	True
48122	48122	binefaceri	binefacere	Ncfp-n	bi.ne.fa.ceri	binef'aceri	b i n e f a tS e r i_0	True
195863	195863	nemernici	nemernic	Afpmp-n	ne.mer.nici	nem'ernici	n e m e r n i tS	True
174765	174765	megieșească	megieși	Vmsp3	me.gi.e.șeas.că	megieșe'ască	m e gZ i e S e_X a s k @	True
186414	186414	naționalistul	naționalist	Afpmsry	na.ți.o.na.lis.tul	național'istul	n a ts i o n a l i s t u l	True
84133	84133	cromozomiali	cromozomial	Afpmp-n	cro.mo.zo.mi.ali	cromozomi'ali	k r o m o z o m i a l i_0	True
175835	175835	mesianicelor	mesianic	Afpfpoy	me.si.a.ni.ce.lor	mesi'anicelor	m e s i a n i tS e l o r	True
273040	273040	solidarității	solidaritate	Ncfsoy	so.li.da.ri.tă.ții	solidarit'ății	s o l i d a r i t @ ts i j	True
238055	238055	purtătoarele	purtător	Afpfpry	pur.tă.toa.re.le	purtăto'arele	p u r t @ t o_X a r e l e	True
198335	198335	neschingiuind	schingiui	Vmg	ne.schin.giu.ind	neschingiu'ind	n e s k_j i n gZ u i n d	True
225988	225988	potabile	potabil	Afpfp-n	po.ta.bi.le	pot'abile	p o t a b i l e	True
86735	86735	curățatului	curățat	Ncmsoy	cu.ră.ța.tu.lui	curăț'atului	k u r @ ts a t u l u j	True
39973	39973	atrofiate	atrofia	Vmp--pf	a.tro.fi.a.te	atrofi'ate	a t r o f i a t e	True
100538	100538	detecției	detecție	Ncfsoy	de.tec.ți.ei	det'ecției	d e t e k ts i e j	True
233136	233136	proclamez	proclama	Vmip1s	pro.cla.mez	proclam'ez	p r o k l a m e z	True
239444	239444	rănit	=	Afpms-n	ră.nit	răn'it	r @ n i t	True
135380	135380	generări	generare	Ncfson	ge.ne.rări	gener'ări	gZ e n e r @ r i_0	True
226525	226525	poziționau	poziționa	Vmii3p	po.zi.țio.nau	pozițion'au	p o z i ts j o n a w	True
60072	60072	catafalcul	catafalc	Ncmsry	ca.ta.fal.cul	cataf'alcul	k a t a f a l k u l	True
47796	47796	bifurca	=	Vmii3s	bi.fur.ca	bifurc'a	b i f u r k a	True
30448	30448	androginele	androgin	Afpfpry	an.dro.gi.ne.le	androg'inele	a n d r o gZ i n e l e	True
324194	324194	îngropați	îngropa	Vmp--pm	în.gro.pați	îngrop'ați	1 n g r o p a ts i_0	True
134888	134888	gardați	garda	Vmip2p	gar.dați	gard'ați	g a r d a ts i_0	True
274102	274102	spanco	spancă	Ncfsvy	span.co	sp'anco	s p a n k o	True
208571	208571	osoasa	osos	Afpfsry	o.soa.sa	oso'asa	o s o_X a s a	True
211849	211849	panglicile	panglică	Ncfpry	pan.gli.ci.le	p'anglicile	p a n g l i tS i l e	True
204313	204313	ocolite	ocolit	Afpfp-n	o.co.li.te	ocol'ite	o k o l i t e	True
305930	305930	vezicalul	vezical	Afpmsry	ve.zi.ca.lul	vezic'alul	v e z i k a l u l	True
86260	86260	cumulai	cumula	Vmis1s	cu.mu.lai	cumul'ai	k u m u l a j	True
235746	235746	protoioduri	protoiodură	Ncfson	pro.to.io.duri	protoiod'uri	p r o t o j o d u r i_0	True
147494	147494	implementeze	implementa	Vmsp3	im.ple.men.te.ze	implement'eze	i m p l e m e n t e z e	True
285067	285067	supremă	suprem	Afpfsrn	su.pre.mă	supr'emă	s u p r e m @	True
31545	31545	antepronunțai	antepronunța	Vmii2s	an.te.pro.nun.țai	antepronunț'ai	a n t e p r o n u n ts a j	True
272574	272574	sociolingviști	sociolingvist	Afpmp-n	so.ci.o.lin.gviști	sociolingv'iști	s o tS i o l i n g v i S t i_0	True
109432	109432	domolim	domoli	Vmip1p	do.mo.lim	domol'im	d o m o l i m	True
245502	245502	recondiționasem	recondiționa	Vmil1	re.con.di.ți.o.na.sem	recondițion'asem	r e k o n d i ts i o n a s e m	True
71497	71497	comită	comite	Vmsp3	co.mi.tă	com'ită	k o m i t @	True
20936	20936	actualizărilor	actualizare	Ncfpoy	ac.tu.a.li.ză.ri.lor	actualiz'ărilor	a k t u a l i z @ r i l o r	True
232176	232176	pristăveai	pristăvi	Vmii2s	pris.tă.veai	pristăve'ai	p r i s t @ v e_X a j	True
109636	109636	dorinței	dorință	Ncfsoy	do.rin.ței	dor'inței	d o r i n ts e j	True
104828	104828	dificile	dificil	Afpfp-n	di.fi.ci.le	dific'ile	d i f i tS i l e	True
277444	277444	sterilizând	steriliza	Vmg	ste.ri.li.zând	steriliz'ând	s t e r i l i z 1 n d	True
84703	84703	crâncenei	crâncen	Afpfsoy	crân.ce.nei	cr'âncenei	k r 1 n tS e n e j	True
254523	254523	reversibilului	reversibil	Afpmsoy	re.ver.si.bi.lu.lui	revers'ibilului	r e v e r s i b i l u l u j	True
57930	57930	candidați	candidat	Afpmp-n	can.di.dați	candid'ați	k a n d i d a ts i_0	True
178791	178791	mirai	mira	Vmis1s	mi.rai	mir'ai	m i r a j	True
100235	100235	destructurații	destructurat	Afpmpry	des.truc.tu.ra.ții	destructur'ații	d e s t r u k t u r a ts i j	True
109270	109270	dominau	domina	Vmii3p	do.mi.nau	domin'au	d o m i n a w	True
261930	261930	satisfacere	=	Ncfsrn	sa.tis.fa.ce.re	satisf'acere	s a t i s f a tS e r e	True
146280	146280	ileană	=	Ncfsrn	i.lea.nă	ile'ană	i l e_X a n @	True
3553	3553	țarigrădence	țarigrădeancă	Ncfson	ța.ri.gră.den.ce	țarigrăd'ence	ts a r i g r @ d e n tS e	True
279457	279457	striptisurile	striptis	Ncfpry	strip.ti.su.ri.le	str'iptisurile	s t r i p t i s u r i l e	True
257635	257635	românim	români	Vmip1p	ro.mâ.nim	român'im	r o m 1 n i m	True
280462	280462	stânjeni	=	Vmis3s	stân.je.ni	stânjen'i	s t 1 n Z e n i	True
248904	248904	regânditei	regândit	Afpfsoy	re.gân.di.tei	regând'itei	r e g 1 n d i t e j	True
326742	326742	înserați	însera	Vmii2p	în.se.rați	înser'ați	1 n s e r a ts i_0	True
99873	99873	destăinuiși	destăinui	Vmis2s	des.tăi.nu.iși	destăinu'iși	d e s t @ j n u i S i_0	True
128861	128861	fluctuanți	fluctuant	Afpmp-n	fluc.tu.anți	fluctu'anți	f l u k t u a n ts i_0	True
249525	249525	relatată	relata	Vmp--sf	re.la.ta.tă	relat'ată	r e l a t a t @	True
217247	217247	perpendicularilor	perpendicular	Afpmpoy	per.pen.di.cu.la.ri.lor	perpendicul'arilor	p e r p e n d i k u l a r i l o r	True
288205	288205	tasa	=	Vmii3s	ta.sa	tas'a	t a s a	True
288353	288353	tatuații	tatuat	Afpmpry	ta.tu.a.ții	tatu'ații	t a t u a ts i j	True
130833	130833	fracturară	fractura	Vmis3p	frac.tu.ra.ră	fractur'ară	f r a k t u r a r @	True
300755	300755	undați	unda	Vmp--pm	un.dați	und'ați	u n d a ts i_0	True
149031	149031	inch	=	Ncm--n	inch	inch	i n tS	True
209586	209586	păcătoșeniilor	păcătoșenie	Ncfpoy	pă.că.to.șe.ni.i.lor	păcătoș'eniilor	p @ k @ t o S e n i i l o r	True
87518	87518	cutii	cutie	Ncfson	cu.tii	cut'ii	k u t i j	True
131834	131834	frigea	frige	Vmii3s	fri.gea	frige'a	f r i gZ a	True
100712	100712	deterioratului	deteriorat	Afpmsoy	de.te.ri.o.ra.tu.lui	deterior'atului	d e t e r i o r a t u l u j	True
109311	109311	domnești	domnesc	Afpfsoy	dom.nești	domn'ești	d o m n e S t i_0	True
169384	169384	mărgele	mărgică	Ncfson	măr.ge.le	mărg'ele	m @ r gZ e l e	True
49761	49761	bobornicii	bobornic	Ncmpry	bo.bor.ni.cii	bob'ornicii	b o b o r n i tS i j	True
138448	138448	gramaticalei	gramatical	Afpfsoy	gra.ma.ti.ca.lei	gramatic'alei	g r a m a t i k a l e j	True
97032	97032	deroba	=	Vmnp	de.ro.ba	derob'a	d e r o b a	True
144221	144221	hrișcarului	hrișcar	Ncmsoy	hriș.ca.ru.lui	hrișc'arului	h r i S k a r u l u j	True
1918	1918	șomoioagelor	șomoiog	Ncfpoy	șo.mo.ioa.ge.lor	șomoio'agelor	S o m o j o_X a gZ e l o r	True
281412	281412	subordin	=	Ncms-n	su.bor.din	sub'ordin	s u b o r d i n	True
52687	52687	bucură	bucura	Vmm-2s	bu.cu.ră	b'ucură	b u k u r @	True
113482	113482	editorialiști	editorialist	Ncmp-n	e.di.to.ria.liști	editorial'iști	e d i t o r j a l i S t i_0	True
250704	250704	renumit	=	Afpms-n	re.nu.mit	renum'it	r e n u m i t	True
330619	330619	înzestrat	=	Afpms-n	în.zes.trat	înzestr'at	1 n z e s t r a t	True
160021	160021	izbândirăți	izbândi	Vmis2p	iz.bân.di.răți	izbând'irăți	i z b 1 n d i r @ ts i_0	True
35136	35136	arabe	arab	Afpfp-n	a.ra.be	ar'abe	a r a b e	True
136635	136635	ghiorțăise	ghiorțăi	Vmil3s	ghior.ță.i.se	ghiorță'ise	g_j o r ts @ i s e	True
150904	150904	inermului	inerm	Afpmsoy	i.ner.mu.lui	in'ermului	i n e r m u l u j	True
44042	44042	băind	băi	Vmg	bă.ind	bă'ind	b @ i n d	True
148412	148412	imputați	imputa	Vmii2p	im.pu.tați	imput'ați	i m p u t a ts i_0	True
37716	37716	asentimentele	asentiment	Ncfpry	a.sen.ti.men.te.le	asentim'entele	a s e n t i m e n t e l e	True
266995	266995	sensibilizare	=	Ncfsrn	sen.si.bi.li.za.re	sensibiliz'are	s e n s i b i l i z a r e	True
54785	54785	călătoreau	călători	Vmii3p	că.lă.to.reau	călătore'au	k @ l @ t o r e_X a w	True
226486	226486	poziționala	pozițional	Afpfsry	po.zi.țio.na.la	pozițion'ala	p o z i ts j o n a l a	True
255647	255647	reînșurubate	reînșuruba	Vmp--pf	re.în.șu.ru.ba.te	reînșurub'ate	r e 1 n S u r u b a t e	True
81792	81792	costume	costum	Ncfp-n	cos.tu.me	cost'ume	k o s t u m e	True
261678	261678	sarafanul	sarafan	Ncmsry	sa.ra.fa.nul	saraf'anul	s a r a f a n u l	True
307461	307461	viruși	virus	Ncmp-n	vi.ruși	v'iruși	v i r u S i_0	True
155806	155806	interpelând	interpela	Vmg	in.ter.pe.lând	interpel'ând	i n t e r p e l 1 n d	True
46026	46026	baricadatului	baricadat	Afpmsoy	ba.ri.ca.da.tu.lui	baricad'atului	b a r i k a d a t u l u j	True
63531	63531	chiare	chiar	Afpfp-n	chia.re	chi'are	k_j a r e	True
49061	49061	blamă	blama	Vmis3s	bla.mă	blam'ă	b l a m @	True
153146	153146	insinuarăți	insinua	Vmis2p	in.si.nu.a.răți	insinu'arăți	i n s i n u a r @ ts i_0	True
321362	321362	îndrăznitorul	îndrăznitor	Afpmsry	în.drăz.ni.to.rul	îndrăznit'orul	1 n d r @ z n i t o r u l	True
136938	136938	gingășiilor	gingășie	Ncfpoy	gin.gă.și.i.lor	gingăș'iilor	gZ i n g @ S i i l o r	True
307694	307694	vitralii	vitraliu	Ncfp-n	vi.tra.lii	vitr'alii	v i t r a l i j	True
289420	289420	temperaseși	tempera	Vmil2s	tem.pe.ra.seși	temper'aseși	t e m p e r a s e S i_0	True
282967	282967	suii	sui	Vmis1s	su.ii	su'ii	s u i j	True
196034	196034	nemușcând	mușca	Vmg	ne.muș.când	nemușc'ând	n e m u S k 1 n d	True
316817	316817	înșfăcarăm	înșfăca	Vmis1p	în.șfă.ca.răm	înșfăc'arăm	1 n S f @ k a r @ m	True
215649	215649	penați	pena	Vmp--pm	pe.nați	pen'ați	p e n a ts i_0	True
167937	167937	lua	=	Vmii3s	lu.a	lu'a	l u a	True
258584	258584	rula	=	Vmnp	ru.la	rul'a	r u l a	True
115455	115455	emigraseți	emigra	Vmil2p	e.mi.gra.seți	emigr'aseți	e m i g r a s e ts i_0	True
82482	82482	crăpam	crăpa	Vmii1	cră.pam	crăp'am	k r @ p a m	True
3963	3963	țintitei	țintit	Afpfsoy	țin.ti.tei	țint'itei	ts i n t i t e j	True
309974	309974	vâslim	vâsli	Vmip1p	vâs.lim	vâsl'im	v 1 s l i m	True
65271	65271	cioance	cioancă	Ncfson	cioan.ce	cio'ance	tS o_X a n tS e	True
129073	129073	fluvial	=	Afpms-n	flu.vi.al	fluvi'al	f l u v i a l	True
63575	63575	chibzuiască	chibzui	Vmsp3	chib.zu.ias.că	chibzui'ască	k_j i b z u j a s k @	True
306960	306960	vino	vină	Ncfsvy	vi.no	v'ino	v i n o	True
168891	168891	măcelari	măcelar	Ncmp-n	mă.ce.lari	măcel'ari	m @ tS e l a r i_0	True
166235	166235	limpezisem	limpezi	Vmil1	lim.pe.zi.sem	limpez'isem	l i m p e z i s e m	True
298358	298358	turmentatul	turmentat	Afpmsry	tur.men.ta.tul	turment'atul	t u r m e n t a t u l	True
100841	100841	detestați	detesta	Vmm-2p	de.tes.tați	detest'ați	d e t e s t a ts i_0	True
309353	309353	vulnerabilităților	vulnerabilitate	Ncfpoy	vul.ne.ra.bi.li.tă.ți.lor	vulnerabilit'ăților	v u l n e r a b i l i t @ ts i l o r	True
160022	160022	izbândise	izbândi	Vmil3s	iz.bân.di.se	izbând'ise	i z b 1 n d i s e	True
118197	118197	etnografiei	etnografie	Ncfsoy	et.no.gra.fi.ei	etnograf'iei	e t n o g r a f i e j	True
179162	179162	miting	=	Ncms-n	mi.ting	m'iting	m i t i n g	True
117094	117094	eroare	=	Ncfsrn	e.roa.re	ero'are	e r o_X a r e	True
245568	245568	reconfirmata	reconfirmat	Afpfsry	re.con.fir.ma.ta	reconfirm'ata	r e k o n f i r m a t a	True
177108	177108	microscopici	microscopic	Afpmp-n	mi.cro.sco.pici	microsc'opici	m i k r o s k o p i tS	True
267042	267042	sensibilul	sensibil	Afpmsry	sen.si.bi.lul	sens'ibilul	s e n s i b i l u l	True
326444	326444	înscăunăm	înscăuna	Vmip1p	în.scă.u.năm	înscăun'ăm	1 n s k @ u n @ m	True
293970	293970	transcriem	transcrie	Vmip1p	tran.scri.em	transcr'iem	t r a n s k r i e m	True
286041	286041	suspinat	suspina	Vmp--sm	sus.pi.nat	suspin'at	s u s p i n a t	True
180338	180338	moderni	modern	Afpmp-n	mo.derni	mod'erni	m o d e r n i_0	True
312982	312982	zmângălituri	zmângălitură	Ncfson	zmân.gă.li.turi	zmângălit'uri	z m 1 n g @ l i t u r i_0	True
40659	40659	autentificate	autentifica	Vmp--pf	a.u.ten.ti.fi.ca.te	autentific'ate	a u t e n t i f i k a t e	True
171992	171992	manipulați	manipulat	Afpmp-n	ma.ni.pu.lați	manipul'ați	m a n i p u l a ts i_0	True
200127	200127	neînșfăcând	înșfăca	Vmg	ne.în.șfă.când	neînșfăc'ând	n e 1 n S f @ k 1 n d	True
233775	233775	profilaxiei	profilaxie	Ncfsoy	pro.fi.la.xi.ei	profilax'iei	p r o f i l a ks i e j	True
38717	38717	astronomia	astronomie	Ncfsry	as.tro.no.mi.a	astronom'ia	a s t r o n o m i a	True
22679	22679	adorați	adora	Vmp--pm	a.do.rați	ador'ați	a d o r a ts i_0	True
232553	232553	privitul	privit	Ncmsry	pri.vi.tul	priv'itul	p r i v i t u l	True
246689	246689	redescopere	redescoperi	Vmsp3	re.des.co.pe.re	redesc'opere	r e d e s k o p e r e	True
161258	161258	jubilează	jubila	Vmip3	ju.bi.lea.ză	jubile'ază	Z u b i l e_X a z @	True
131526	131526	frecarea	frecare	Ncfsry	fre.ca.rea	frec'area	f r e k a r e_X a	True
177572	177572	milimetricului	milimetric	Afpmsoy	mi.li.me.tri.cu.lui	milim'etricului	m i l i m e t r i k u l u j	True
43727	43727	bășcălioasă	bășcălios	Afpfsrn	băș.că.lioa.să	bășcălio'asă	b @ S k @ l j o_X a s @	True
289211	289211	televorbitori	televorbitor	Ncmp-n	te.le.vor.bi.tori	televorbit'ori	t e l e v o r b i t o r i_0	True
197146	197146	nepopularizând	populariza	Vmg	ne.po.pu.la.ri.zând	nepopulariz'ând	n e p o p u l a r i z 1 n d	True
234159	234159	progresivului	progresiv	Afpmsoy	pro.gre.si.vu.lui	progres'ivului	p r o g r e s i v u l u j	True
57803	57803	cancelarii	cancelarie	Ncfp-n	can.ce.la.rii	cancel'arii	k a n tS e l a r i j	True
271188	271188	slăbirăm	slăbi	Vmis1p	slă.bi.răm	slăb'irăm	s l @ b i r @ m	True
91055	91055	decembristei	decembristă	Ncfsoy	de.cem.bris.tei	decembr'istei	d e tS e m b r i s t e j	True
51962	51962	bronhopulmonarul	bronhopulmonar	Afpmsry	bron.ho.pul.mo.na.rul	bronhopulmon'arul	b r o n h o p u l m o n a r u l	True
228504	228504	prefer	prefera	Vmip1s	pre.fer	pref'er	p r e f e r	True
94769	94769	demobilizași	demobiliza	Vmis2s	de.mo.bi.li.zași	demobiliz'ași	d e m o b i l i z a S i_0	True
283540	283540	superfluului	superfluu	Afpmsoy	su.per.flu.u.lui	superfl'uului	s u p e r f l u u l u j	True
94803	94803	democrate	democrată	Ncfp-n	de.mo.cra.te	democr'ate	d e m o k r a t e	True
193310	193310	nemaieradicând	eradica	Vmg	ne.mai.e.ra.di.când	nemaieradic'ând	n e m a j e r a d i k 1 n d	True
277373	277373	stereotip	=	Afpms-n	ste.re.o.tip	stereot'ip	s t e r e o t i p	True
123366	123366	fașa	fașă	Ncfsry	fa.șa	f'așa	f a S a	True
104969	104969	digerată	digerat	Afpfsrn	di.ge.ra.tă	diger'ată	d i gZ e r a t @	True
146292	146292	ilegalist	=	Ncms-n	i.le.ga.list	ilegal'ist	i l e g a l i s t	True
158512	158512	irevocabilul	irevocabil	Afpmsry	i.re.vo.ca.bi.lul	irevoc'abilul	i r e v o k a b i l u l	True
313558	313558	zâmbetului	zâmbet	Ncmsoy	zâm.be.tu.lui	z'âmbetului	z 1 m b e t u l u j	True
327016	327016	înspumegaseți	înspumega	Vmil2p	îns.pu.me.ga.seți	înspumeg'aseți	1 n s p u m e g a s e ts i_0	True
140557	140557	gârbove	gârbov	Afpfp-n	gâr.bo.ve	g'ârbove	g 1 r b o v e	True
145342	145342	idealizate	idealizat	Afpfson	i.de.a.li.za.te	idealiz'ate	i d e a l i z a t e	True
27901	27901	amabilă	amabil	Afpfsrn	a.ma.bi.lă	am'abilă	a m a b i l @	True
68369	68369	clujenii	clujean	Ncmpry	clu.je.nii	cluj'enii	k l u Z e n i j	True
205236	205236	ofurile	of	Ncfpry	o.fu.ri.le	'ofurile	o f u r i l e	True
203332	203332	obligatei	obligată	Ncfsoy	o.bli.ga.tei	oblig'atei	o b l i g a t e j	True
62484	62484	cergile	cergă	Ncfpry	cer.gi.le	c'ergile	tS e r gZ i l e	True
300047	300047	uluitoarelor	uluitor	Afpfpoy	u.lu.i.toa.re.lor	uluito'arelor	u l u i t o_X a r e l o r	True
116992	116992	ergosteroli	ergosterol	Ncmp-n	er.go.ste.roli	ergoster'oli	e r g o s t e r o l i_0	True
77282	77282	consultatelor	consultat	Afpfpoy	con.sul.ta.te.lor	consult'atelor	k o n s u l t a t e l o r	True
146522	146522	ilustrative	ilustrativ	Afpfp-n	i.lus.tra.ti.ve	ilustrat'ive	i l u s t r a t i v e	True
99925	99925	destabilizeze	destabiliza	Vmsp3	des.ta.bi.li.ze.ze	destabiliz'eze	d e s t a b i l i z e z e	True
62398	62398	cerebrală	cerebral	Afpfsrn	ce.re.bra.lă	cerebr'ală	tS e r e b r a l @	True
153847	153847	instruiam	instrui	Vmii1	in.stru.iam	instrui'am	i n s t r u j a m	True
36852	36852	articulați	articulat	Ncmp-n	ar.ti.cu.lați	articul'ați	a r t i k u l a ts i_0	True
176662	176662	mișmașurilor	mișmaș	Ncfpoy	miș.ma.șu.ri.lor	mișm'așurilor	m i S m a S u r i l o r	True
87957	87957	câștigasem	câștiga	Vmil1	câș.ti.ga.sem	câștig'asem	k 1 S t i g a s e m	True
171586	171586	manelist	=	Afpms-n	ma.ne.list	manel'ist	m a n e l i s t	True
38431	38431	asortam	asorta	Vmii1	a.sor.tam	asort'am	a s o r t a m	True
219226	219226	pierzătoare	pierzător	Afpf--n	pier.ză.toa.re	pierzăto'are	p j e r z @ t o_X a r e	True
178453	178453	mintalule	mintal	Afpmsvy	min.ta.lu.le	mint'alule	m i n t a l u l e	True
144959	144959	ițeați	iți	Vmii2p	i.țeați	ițe'ați	i ts e_X a ts i_0	True
126759	126759	fildeși	fildeș	Ncmp-n	fil.deși	f'ildeși	f i l d e S i_0	True
125573	125573	ferega	feregă	Ncfsry	fe.re.ga	f'erega	f e r e g a	True
330554	330554	înzeceați	înzeci	Vmii2p	în.ze.ceați	înzece'ați	1 n z e tS a ts i_0	True
25426	25426	alăpta	=	Vmii3s	a.lăp.ta	alăpt'a	a l @ p t a	True
77677	77677	contaminând	contamina	Vmg	con.ta.mi.nând	contamin'ând	k o n t a m i n 1 n d	True
58670	58670	captivai	captiva	Vmii2s	cap.ti.vai	captiv'ai	k a p t i v a j	True
127762	127762	fisurări	fisurare	Ncfp-n	fi.su.rări	fisur'ări	f i s u r @ r i_0	True
145026	145026	iactantă	iactant	Afpfsrn	iac.tan.tă	iact'antă	j a k t a n t @	True
98135	98135	descriați	descrie	Vmii2p	de.scri.ați	descri'ați	d e s k r i a ts i_0	True
221473	221473	plecau	pleca	Vmii3p	ple.cau	plec'au	p l e k a w	True
105966	105966	disciplinare	disciplinar	Afpfson	dis.ci.pli.na.re	disciplin'are	d i s tS i p l i n a r e	True
318142	318142	încasai	încasa	Vmii2s	în.ca.sai	încas'ai	1 n k a s a j	True
30532	30532	anesteziată	anestezia	Vmp--sf	a.nes.te.zi.a.tă	anestezi'ată	a n e s t e z i a t @	True
34323	34323	apreciat	=	Afpms-n	a.pre.ci.at	apreci'at	a p r e tS i a t	True
266511	266511	semiluna	semilună	Ncfsry	se.mi.lu.na	semil'una	s e m i l u n a	True
263782	263782	scremuserăm	screme	Vmil1p	scre.mu.se.răm	screm'userăm	s k r e m u s e r @ m	True
325535	325535	înnegrisem	înnegri	Vmil1	în.ne.gri.sem	înnegr'isem	1 n n e g r i s e m	True
221289	221289	platnică	platnic	Afpfsrn	plat.ni.că	pl'atnică	p l a t n i k @	True
192646	192646	nemaicomercializând	comercializa	Vmg	ne.mai.co.mer.ci.a.li.zând	nemaicomercializ'ând	n e m a j k o m e r tS i a l i z 1 n d	True
138580	138580	gratiilor	gratie	Ncfpoy	gra.ti.i.lor	gr'atiilor	g r a t i i l o r	True
2704	2704	știrbenia	știrbenie	Ncfsry	știr.be.ni.a	știrb'enia	S t i r b e n i a	True
60590	60590	cauterizați	cauteriza	Vmii2p	ca.u.te.ri.zați	cauteriz'ați	k a u t e r i z a ts i_0	True
307114	307114	violentate	violenta	Vmp--pf	vi.o.len.ta.te	violent'ate	v i o l e n t a t e	True
270084	270084	simultanii	simultan	Afpmpry	si.mul.ta.nii	simult'anii	s i m u l t a n i j	True
170622	170622	maghiarizaților	maghiarizat	Afpmpoy	ma.ghia.ri.za.ți.lor	maghiariz'aților	m a g_j a r i z a ts i l o r	True
88528	88528	cârâirăți	cârâi	Vmis2p	câ.râ.i.răți	cârâ'irăți	k 1 r 1 i r @ ts i_0	True
