INDEX	form	lemma	xpos	syllables	stress	phon	Check?
2976	șubeici	șubeică	Ncfp-n	șu.beici	șub'eici	S u b e j tS	y
2982	șubeică	=	Ncfsrn	șu.bei.că	șub'eică	S u b e j k @	y
3739	țițeici	țițeică	Ncfp-n	ți.țeici	țiț'eici	ts i ts e j tS	y
3744	țițeică	=	Ncfsrn	ți.ței.că	țiț'eică	ts i ts e j k @	y
4311	țuhaus	=	Ncm--n	țu.haus	țuh'aus	ts u h a w s	y
4315	țuhausuri	țuhaus	Ncfp-n	țu.hau.suri	țuh'ausuri	ts u h a w s u r i_0	y
25411	alămâi	alămâie	Ncfp-n	a.lă.mâi	alăm'âi	a l @ m 1 j	k
25414	alămâie	=	Ncfsrn	a.lă.mâ.ie	alăm'âie	a l @ m 1 j e	k
28262	ambient	=	Ncms-n	am.bi.ent	ambi'ent	a m b i e n t	y
28282	ambienturi	ambient	Ncfp-n	am.bi.en.turi	ambi'enturi	a m b i e n t u r i_0	y
28989	amiază	=	Ncfsrn	a.mia.ză	ami'ază	a m j a z @	y
29021	amiezi	amiază	Ncfp-n	a.miezi	ami'ezi	a m j e z i_0	y
29048	aminoalcool	=	Ncms-n	a.mi.no.al.co.ol	aminoalco'ol	a m i n o a l k o o l	y
29049	aminoalcooli	aminoalcool	Ncmp-n	a.mi.no.al.co.oli	aminoalco'oli	a m i n o a l k o o l i_0	y
32322	antiinflamator	=	Ncms-n	an.ti.in.fla.ma.tor	antiinflamat'or	a n t i i n f l a m a t o r	y
32324	antiinflamatori	antiinflamator	Ncmp-n	an.ti.in.fla.ma.tori	antiinflamat'ori	a n t i i n f l a m a t o r i_0	y
35215	aramean	=	Ncms-n	a.ra.me.an	arame'an	a r a m e a n	y
35226	arameeni	aramean	Ncmp-n	a.ra.me.eni	arame'eni	a r a m e e n i_0	y
40371	aureală	=	Ncfsrn	a.u.rea.lă	aure'ală	a u r e_X a l @	y
40385	aureli	aureală	Ncfp-n	a.u.reli	aur'eli	a u r e l i_0	y
41682	autohtone	autohtonă	Ncfp-n	a.u.toh.to.ne	autoht'one	a u t o h t o n e	y
41695	autohtonă	=	Ncfsrn	a.u.toh.to.nă	autoht'onă	a u t o h t o n @	y
43201	aviație	=	Ncfsrn	a.vi.a.ți.e	avi'ație	a v i a ts i e	y
43203	aviații	aviație	Ncfp-n	a.vi.a.ții	avi'ații	a v i a ts i j	y
43915	băi	baie	Ncfp-n	băi	b'ăi	b @ j	k
44604	bătăi	bătaie	Ncfp-n	bă.tăi	băt'ăi	b @ t @ j	k
44684	bătaie	=	Ncfsrn	bă.ta.ie	băt'aie	b @ t a j e	k
45183	baie	=	Ncfsrn	ba.ie	b'aie	b a j e	k
49694	bobăici	bobaică	Ncfp-n	bo.băici	bob'ăici	b o b @ j tS	y
49701	bobaice	bobaică	Ncfp-n	bo.bai.ce	bob'aice	b o b a j tS e	y
49704	bobaică	=	Ncfsrn	bo.bai.că	bob'aică	b o b a j k @	y
50227	boldeici	boldeică	Ncfp-n	bol.deici	bold'eici	b o l d e j tS	y
50232	boldeică	=	Ncfsrn	bol.dei.că	bold'eică	b o l d e j k @	y
51644	brezaie	=	Ncfsrn	bre.za.ie	brez'aie	b r e z a j e	k
51650	brezăi	brezaie	Ncfp-n	bre.zăi	brez'ăi	b r e z @ j	k
52544	bucălaie	=	Ncfsrn	bu.că.la.ie	bucăl'aie	b u k @ l a j e	k
52546	bucălăi	bucălaie	Ncfp-n	bu.că.lăi	bucăl'ăi	b u k @ l @ j	k
53483	bunăvoi	bunăvoie	Ncfp-n	bu.nă.voi	bunăv'oi	b u n @ v o j	k
53486	bunăvoie	=	Ncfsrn	bu.nă.vo.ie	bunăv'oie	b u n @ v o j e	k
56243	cațaveici	cațaveică	Ncfp-n	ca.ța.veici	cațav'eici	k a ts a v e j tS	k
56249	cațaveică	=	Ncfsrn	ca.ța.vei.că	cațav'eică	k a ts a v e j k @	k
58338	capichehaie	=	Ncfsrn	ca.pi.che.ha.ie	capicheh'aie	k a p i k_j e h a j e	k
58339	capichehăi	capichehaie	Ncfp-n	ca.pi.che.hăi	capicheh'ăi	k a p i k_j e h @ j	k
59394	carioci	cariocă	Ncfp-n	ca.ri.oci	cari'oci	k a r i o tS	y
59399	cariocă	=	Ncfsrn	ca.ri.o.că	cari'ocă	k a r i o k @	y
59876	casierie	=	Ncfsrn	ca.si.e.ri.e	casier'ie	k a s i e r i e	y
59879	casierii	casierie	Ncfp-n	ca.si.e.rii	casier'ii	k a s i e r i j	y
63116	chei	cheie	Ncfp-n	chei	chei	k_j e j	k
63120	cheie	=	Ncfsrn	che.ie	ch'eie	k_j e j e	k
66411	ciumăfaie	=	Ncfsrn	ciu.mă.fa.ie	ciumăf'aie	tS u m @ f a j e	k
66416	ciumăfăi	ciumăfaie	Ncfp-n	ciu.mă.făi	ciumăf'ăi	tS u m @ f @ j	k
66880	clădăraie	=	Ncfsrn	clă.dă.ra.ie	clădăr'aie	k l @ d @ r a j e	k
66881	clădărăi	clădăraie	Ncfp-n	clă.dă.răi	clădăr'ăi	k l @ d @ r @ j	k
66888	clăi	claie	Ncfp-n	clăi	cl'ăi	k l @ j	k
67209	claie	=	Ncfsrn	cla.ie	cl'aie	k l a j e	k
71682	companion	=	Ncms-n	com.pa.nion	compani'on	k o m p a n j o n	y
71683	companioni	companion	Ncmp-n	com.pa.nioni	compani'oni	k o m p a n j o n i_0	y
73192	conștiințe	conștiință	Ncfp-n	con.ști.in.țe	conști'ințe	k o n S t i i n ts e	y
73197	conștiință	=	Ncfsrn	con.ști.in.ță	conști'ință	k o n S t i i n ts @	y
78989	contrasubiect	=	Ncms-n	con.tra.su.biect	contrasubi'ect	k o n t r a s u b j e k t	y
78990	contrasubiecte	contrasubiect	Ncfp-n	con.tra.su.biec.te	contrasubi'ecte	k o n t r a s u b j e k t e	y
80168	copeici	copeică	Ncfp-n	co.peici	cop'eici	k o p e j tS	y
80174	copeică	=	Ncfsrn	co.pei.că	cop'eică	k o p e j k @	y
81073	coreut	=	Ncms-n	co.re.ut	core'ut	k o r e u t	y
81076	coreuți	coreut	Ncmp-n	co.re.uți	core'uți	k o r e u ts i_0	y
81915	coteici	coteică	Ncfp-n	co.teici	cot'eici	k o t e j tS	y
81921	coteică	=	Ncfsrn	co.tei.că	cot'eică	k o t e j k @	y
81948	cotidian	=	Ncms-n	co.ti.di.an	cotidi'an	k o t i d i a n	y
81950	cotidiane	cotidian	Ncfp-n	co.ti.di.a.ne	cotidi'ane	k o t i d i a n e	y
82888	creație	=	Ncfsrn	cre.a.ți.e	cre'ație	k r e a ts i e	y
82890	creații	creație	Ncfp-n	cre.a.ții	cre'ații	k r e a ts i j	y
82895	creaționism	=	Ncms-n	cre.a.ți.o.nism	creațion'ism	k r e a ts i o n i s m	y
82896	creaționisme	creaționism	Ncfp-n	cre.a.ți.o.nis.me	creațion'isme	k r e a ts i o n i s m e	y
84816	cușcaie	=	Ncfsrn	cuș.ca.ie	cușc'aie	k u S k a j e	k
84826	cușcăi	cușcaie	Ncfp-n	cuș.căi	cușc'ăi	k u S k @ j	k
85206	cucuvaie	=	Ncfsrn	cu.cu.va.ie	cucuv'aie	k u k u v a j e	k
85211	cucuveici	cucuveică	Ncfp-n	cu.cu.veici	cucuv'eici	k u k u v e j tS	y
85217	cucuveică	=	Ncfsrn	cu.cu.vei.că	cucuv'eică	k u k u v e j k @	y
85223	cucuvăi	cucuvaie	Ncfp-n	cu.cu.văi	cucuv'ăi	k u k u v @ j	k
88679	dăndănaie	=	Ncfsrn	dăn.dă.na.ie	dăndăn'aie	d @ n d @ n a j e	k
88680	dăndănăi	dăndănaie	Ncfp-n	dăn.dă.năi	dăndăn'ăi	d @ n d @ n @ j	k
96164	depoluare	=	Ncfsrn	de.po.lu.a.re	depolu'are	d e p o l u a r e	y
96166	depoluări	depoluare	Ncfp-n	de.po.lu.ări	depolu'ări	d e p o l u @ r i_0	y
98140	descriere	=	Ncfsrn	des.cri.e.re	descr'iere	d e s k r i e r e	y
98142	descrieri	descriere	Ncfp-n	de.scri.eri	descr'ieri	d e s k r i e r i_0	y
101351	deviație	=	Ncfsrn	de.vi.a.ți.e	devi'ație	d e v i a ts i e	y
101353	deviații	deviație	Ncfp-n	de.vi.a.ții	devi'ații	d e v i a ts i j	y
107550	distorsiune	=	Ncfsrn	dis.tor.si.u.ne	distorsi'une	d i s t o r s i u n e	y
107552	distorsiuni	distorsiune	Ncfp-n	dis.tor.si.uni	distorsi'uni	d i s t o r s i u n i_0	y
111339	dudui	duduie	Ncfp-n	du.dui	dud'ui	d u d u j	k
111346	duduie	=	Ncfsrn	du.du.ie	dud'uie	d u d u j e	k
113317	ecuație	=	Ncfsrn	e.cu.a.ți.e	ecu'ație	e k u a ts i e	y
113319	ecuații	ecuație	Ncfp-n	e.cu.a.ții	ecu'ații	e k u a ts i j	y
113834	efuziune	=	Ncfsrn	e.fu.zi.u.ne	efuzi'une	e f u z i u n e	y
113836	efuziuni	efuziune	Ncfp-n	e.fu.zi.uni	efuzi'uni	e f u z i u n i_0	y
116216	entuziaști	entuziast	Ncmp-n	en.tu.zi.aști	entuzi'aști	e n t u z i a S t i_0	y
116292	entuziast	=	Ncms-n	en.tu.zi.ast	entuzi'ast	e n t u z i a s t	y
119166	evreice	evreică	Ncfp-n	e.vrei.ce	evr'eice	e v r e j tS e	y
119171	evreică	=	Ncfsrn	e.vrei.că	evr'eică	e v r e j k @	y
125307	feliușag	=	Ncms-n	fe.liu.șag	feliuș'ag	f e l j u S a g	y
125310	feliușaguri	feliușag	Ncfp-n	fe.liu.șa.guri	feliuș'aguri	f e l j u S a g u r i_0	y
125374	femei	femeie	Ncfp-n	fe.mei	fem'ei	f e m e j	k
125379	femeie	=	Ncfsrn	fe.me.ie	fem'eie	f e m e j e	k
126609	fiice	fiică	Ncfp-n	fi.i.ce	f'iice	f i i tS e	y
126614	fiică	=	Ncfsrn	fi.i.că	f'iică	f i i k @	y
127483	fionc	=	Ncms-n	fionc	fi'onc	f j o n k	y
127486	fioncuri	fionc	Ncfp-n	fion.curi	fi'oncuri	f j o n k u r i_0	y
128865	fluctuație	=	Ncfsrn	fluc.tu.a.ți.e	fluctu'ație	f l u k t u a ts i e	y
128867	fluctuații	fluctuație	Ncfp-n	fluc.tu.a.ții	fluctu'ații	f l u k t u a ts i j	y
129111	foșcăituri	foșcăitură	Ncfp-n	foș.că.i.turi	foșcăit'uri	f o S k @ i t u r i_0	y
129116	foșcăitură	=	Ncfsrn	foș.că.i.tu.ră	foșcăit'ură	f o S k @ i t u r @	y
129176	foaie	=	Ncfsrn	foa.ie	fo'aie	f o_X a j e	k
129336	foi	foaie	Ncfp-n	foi	foi	f o j	k
130652	fotomozaic	=	Ncms-n	fo.to.mo.za.ic	fotomoza'ic	f o t o m o z a i k	y
130655	fotomozaicuri	fotomozaic	Ncfp-n	fo.to.mo.za.i.curi	fotomoza'icuri	f o t o m o z a i k u r i_0	y
132825	fumuar	=	Ncms-n	fu.muar	fumu'ar	f u m w a r	y
132826	fumuare	fumuar	Ncfp-n	fu.mua.re	fumu'are	f u m w a r e	y
134022	găinaț	=	Ncms-n	gă.i.naț	găin'aț	g @ i n a ts	y
134023	găinațe	găinaț	Ncfp-n	gă.i.na.țe	găin'ațe	g @ i n a ts e	y
134033	găinațuri	găinaț	Ncfp-n	gă.i.na.țuri	găin'ațuri	g @ i n a ts u r i_0	y
134125	gărăfioare	gărăfioară	Ncfp-n	gă.ră.fioa.re	gărăfio'are	g @ r @ f j o_X a r e	y
134131	gărăfioară	=	Ncfsrn	gă.ră.fioa.ră	gărăfio'ară	g @ r @ f j o_X a r @	y
136047	gestionări	gestionare	Ncfp-n	ges.ti.o.nări	gestion'ări	gZ e s t i o n @ r i_0	y
136059	gestionare	=	Ncfsrn	ges.ti.o.na.re	gestion'are	gZ e s t i o n a r e	y
136571	ghint	=	Ncms-n	ghint	ghint	g_j i n t	
136595	ghiocear	=	Ncms-n	ghio.cear	ghioce'ar	g_j o ts a r	y
136596	ghioceari	ghiocear	Ncmp-n	ghio.ceari	ghioce'ari	g_j j o tS a r i_0	y
137082	giuvaere	ghint	Ncfp-n	giu.va.e.re	giuva'ere	gZ u v a e r e	
138214	grămăjui	grămăjuie	Ncfp-n	gră.mă.jui	grămăj'ui	g r @ m @ Z u j	k
138217	grămăjuie	=	Ncfsrn	gră.mă.ju.ie	grămăj'uie	g r @ m @ Z u j e	k
140098	gutui	gutuie	Ncfp-n	gu.tui	gut'ui	g u t u j	k
140101	gutuie	=	Ncfsrn	gu.tu.ie	gut'uie	g u t u j e	k
146819	imediatețe	=	Ncfs-n	i.me.di.a.te.țe	imediat'ețe	i m e d i a t e ts e	y
146821	imediateți	imediatețe	Ncfp-n	i.me.di.a.teți	imediat'eți	i m e d i a t e ts i_0	y
150573	indrișaim	=	Ncms-n	in.dri.șa.im	indrișa'im	i n d r i S a i m	y
150574	indrișaimi	indrișaim	Ncmp-n	in.dri.șa.imi	indrișa'imi	i n d r i S a i m i_0	y
153142	insinuare	=	Ncfsrn	in.si.nu.a.re	insinu'are	i n s i n u a r e	y
153185	insinuări	insinuare	Ncfp-n	in.si.nu.ări	insinu'ări	i n s i n u @ r i_0	y
154775	interacțiune	=	Ncfsrn	in.te.rac.ți.u.ne	interacți'une	i n t e r a k ts i u n e	y
154777	interacțiuni	interacțiune	Ncfp-n	in.te.rac.ți.uni	interacți'uni	i n t e r a k ts i u n i_0	y
156605	intradermoreacție	=	Ncfsrn	in.tra.der.mo.re.ac.ți.e	intradermore'acție	i n t r a d e r m o r e a k ts i e	y
156607	intradermoreacții	intradermoreacție	Ncfp-n	in.tra.der.mo.re.ac.ții	intradermore'acții	i n t r a d e r m o r e a k ts i j	y
160500	jeans	=	Ncms-n	jeans	je'ans	gZ i n s	y
160502	jeanși	jeans	Ncmp-n	jeanși	je'anși	gZ i n S j	y
162644	lămâi	lămâie	Ncfp-n	lă.mâi	lăm'âi	l @ m 1 j	k
162647	lămâie	=	Ncfsrn	lă.mâ.ie	lăm'âie	l @ m 1 j e	k
163355	laițe	laiță	Ncfp-n	lai.țe	l'aițe	l a j ts e	y
163360	laiță	=	Ncfsrn	lai.ță	l'aiță	l a j ts @	y
166359	linguist	=	Ncms-n	lin.guist	lingu'ist	l i n g u j s t	y
166371	linguiști	linguist	Ncmp-n	lin.guiști	lingu'iști	l i n g w i S t i_0	y
169980	mătăhui	mătăhuie	Ncfp-n	mă.tă.hui	mătăh'ui	m @ t @ h u j	k
169983	mătăhuie	=	Ncfsrn	mă.tă.hu.ie	mătăh'uie	m @ t @ h u j e	k
173309	material	=	Ncms-n	ma.te.ri.al	materi'al	m a t e r i a l	y
173381	materialuri	material	Ncfp-n	ma.te.ri.a.luri	materi'aluri	m a t e r i a l u r i_0	y
175278	mențiune	=	Ncfsrn	men.ți.u.ne	menți'une	m e n ts i u n e	y
175280	mențiuni	mențiune	Ncfp-n	men.ți.uni	menți'uni	m e n ts i u n i_0	y
178094	mineriade	mineriadă	Ncfp-n	mi.ne.ri.a.de	mineri'ade	m i n e r i a d e	y
178099	mineriadă	=	Ncfsrn	mi.ne.ri.a.dă	mineri'adă	m i n e r i a d @	y
178189	minicontainer	=	Ncms-n	mi.ni.con.tai.ner	minicont'ainer	m i n i k o n t a j n e r	y
178190	minicontainere	minicontainer	Ncfp-n	mi.ni.con.tai.ne.re	minicont'ainere	m i n i k o n t a j n e r e	y
184221	musaip	=	Ncms-n	mu.sa.ip	musa'ip	m u s a i p	y
184222	musaipi	musaip	Ncmp-n	mu.sa.ipi	musa'ipi	m u s a i p i_0	y
185667	nămiezi	namiază	Ncfp-n	nă.miezi	nămi'ezi	n @ m j e z i_0	y
186617	namiază	=	Ncfsrn	na.mia.ză	nami'ază	n a m j a z @	y
186618	namiezi	namiază	Ncfp-n	na.miezi	nami'ezi	n a m j e z i_0	y
187472	neadministrare	=	Ncfsrn	ne.ad.mi.nis.tra.re	neadministr'are	n e a d m i n i s t r a r e	y
187476	neadministrări	neadministrare	Ncfp-n	ne.ad.mi.nis.trări	neadministr'ări	n e a d m i n i s t r @ r i_0	y
199743	nevoi	nevoie	Ncfp-n	ne.voi	nev'oi	n e v o j	k
199772	nevoie	=	Ncfsrn	ne.vo.ie	nev'oie	n e v o j e	k
202060	noutate	=	Ncfsrn	no.u.ta.te	nout'ate	n o u t a t e	y
202062	noutăți	noutate	Ncfp-n	no.u.tăți	nout'ăți	n o u t @ ts i_0	y
202745	oaie	=	Ncfsrn	oa.ie	o'aie	o_X a j e	k
203078	obială	=	Ncfsrn	o.bia.lă	obi'ală	o b j a l @	y
203235	obiele	obială	Ncfp-n	o.bie.le	obi'ele	o b j e l e	y
204638	odăi	odaie	Ncfp-n	o.dăi	od'ăi	o d @ j	k
204648	odaie	=	Ncfsrn	o.da.ie	od'aie	o d a j e	k
205333	ohtoic	=	Ncms-n	oh.to.ic	ohto'ic	o h t o i k	y
205336	ohtoicuri	ohtoic	Ncfp-n	oh.to.i.curi	ohto'icuri	o h t o i k u r i_0	y
205339	oi	oaie	Ncfp-n	oi	oi	o j	k
205359	oiște	=	Ncfsrn	o.iș.te	'oiște	o i S t e	y
205361	oiști	oiște	Ncfp-n	o.iști	'oiști	o i S t i_0	y
209181	ovreice	ovreică	Ncfp-n	o.vrei.ce	ovr'eice	o v r e j tS e	y
209186	ovreică	=	Ncfsrn	o.vrei.că	ovr'eică	o v r e j k @	y
214836	pauperizare	=	Ncfsrn	pau.pe.ri.za.re	pauperiz'are	p a w p e r i z a r e	y
214838	pauperizări	pauperizare	Ncfp-n	pau.pe.ri.zări	pauperiz'ări	p a w p e r i z @ r i_0	y
215436	pedopsihiatrie	=	Ncfsrn	pe.do.psi.hi.a.tri.e	pedopsihiatr'ie	p e d o p s i h i a t r i e	y
215438	pedopsihiatrii	pedopsihiatrie	Ncfp-n	pe.do.psi.hi.a.trii	pedopsihiatr'ii	p e d o p s i h i a t r i j	y
216066	pentateuh	=	Ncms-n	pen.ta.te.uh	pentat'euh	p e n t a t e u h	y
216070	pentateuhuri	pentateuh	Ncfp-n	pen.ta.te.u.huri	pentat'euhuri	p e n t a t e u h u r i_0	y
216290	percuționist	=	Ncms-n	per.cu.ți.o.nist	percuțion'ist	p e r k u ts i o n i s t	y
216293	percuționiști	percuționist	Ncmp-n	per.cu.ți.o.niști	percuțion'iști	p e r k u ts i o n i S t i_0	y
218973	piemn	=	Ncms-n	piemn	pi'emn	p j e m n	y
218976	piemnuri	piemn	Ncfp-n	piem.nuri	pi'emnuri	p j e m n u r i_0	y
222143	ploaie	=	Ncfsrn	ploa.ie	plo'aie	p l o_X a j e	k
222150	ploi	ploaie	Ncfp-n	ploi	ploi	p l o j	k
227120	prairial	=	Ncms-n	prai.ri.al	prairi'al	p r e r i a l	y
227121	prairiali	prairial	Ncmp-n	prai.ri.ali	prairi'ali	p r e r i a l i_0	y
229049	preluări	preluare	Ncfp-n	pre.lu.ări	prelu'ări	p r e l u @ r i_0	y
229059	preluare	=	Ncfsrn	pre.lu.a.re	prelu'are	p r e l u a r e	y
229871	prescriere	=	Ncfsrn	pres.cri.e.re	prescr'iere	p r e s k r i e r e	y
229873	prescrieri	prescriere	Ncfp-n	pre.scri.eri	prescr'ieri	p r e s k r i e r i_0	y
236846	ptomaine	ptomaină	Ncfp-n	pto.ma.i.ne	ptoma'ine	p t o m a i n e	y
236851	ptomaină	=	Ncfsrn	pto.ma.i.nă	ptoma'ină	p t o m a i n @	y
241716	radiație	=	Ncfsrn	ra.di.a.ți.e	radi'ație	r a d i a ts i e	y
241718	radiații	radiație	Ncfp-n	ra.di.a.ții	radi'ații	r a d i a ts i j	y
243368	reacție	=	Ncfsrn	re.ac.ți.e	re'acție	r e a k ts i e	y
243370	reacții	reacție	Ncfp-n	re.ac.ții	re'acții	r e a k ts i j	y
247252	reevaluare	=	Ncfsrn	re.e.va.lu.a.re	reevalu'are	r e e v a l u a r e	y
247295	reevaluări	reevaluare	Ncfp-n	re.e.va.lu.ări	reevalu'ări	r e e v a l u @ r i_0	y
248950	reinserție	=	Ncfsrn	re.in.ser.ți.e	reins'erție	r e i n s e r ts i e	y
248952	reinserții	reinserție	Ncfp-n	re.in.ser.ții	reins'erții	r e i n s e r ts i j	y
248994	reinstaurare	=	Ncfsrn	re.in.sta.u.ra.re	reinstaur'are	r e i n s t a u r a r e	y
249037	reinstaurări	reinstaurare	Ncfp-n	re.in.sta.u.rări	reinstaur'ări	r e i n s t a u r @ r i_0	y
249833	reluare	=	Ncfsrn	re.lu.a.re	relu'are	r e l u a r e	y
249872	reluări	reluare	Ncfp-n	re.lu.ări	relu'ări	r e l u @ r i_0	y
259106	râi	râie	Ncfp-n	râi	r'âi	r 1 j	k
259109	râie	=	Ncf--n	râ.ie	r'âie	r 1 j e	k
264696	scurteici	scurteică	Ncfp-n	scur.teici	scurte'ici	s k u r t e j tS	y
264702	scurteică	=	Ncfsrn	scur.tei.că	scurte'ică	s k u r t e j k @	y
264919	scântei	scânteie	Ncfp-n	scân.tei	scânt'ei	s k 1 n t e j	k
264946	scânteie	=	Ncfsrn	scân.te.ie	scânt'eie	s k 1 n t e j e	k
269791	similipiatră	=	Ncfsrn	si.mi.li.pia.tră	similipi'atră	s i m i l i p j a t r @	y
269792	similipietre	similipiatră	Ncfp-n	si.mi.li.pie.tre	similipi'etre	s i m i l i p j e t r e	y
277103	statui	statuie	Ncfp-n	sta.tui	stat'ui	s t a t u j	k
277106	statuie	=	Ncfsrn	sta.tu.ie	stat'uie	s t a t u j e	k
277209	stean	=	Ncms-n	stean	ste'an	s t e_X a n	y
277210	steane	stean	Ncfp-n	stea.ne	ste'ane	s t e_X a n e	y
281524	subscriere	=	Ncfsrn	sub.scri.e.re	subscr'iere	s u b s k r i e r e	y
281527	subscrieri	subscriere	Ncfp-n	sub.scri.eri	subscr'ieri	s u b s k r i e r i_0	y
286156	suveici	suveică	Ncfp-n	su.veici	suv'eici	s u v e j tS	y
286161	suveică	=	Ncfsrn	su.vei.că	suv'eică	s u v e j k @	y
286944	tămâi	tămâie	Ncfp-n	tă.mâi	tăm'âi	t @ m 1 j	k
286947	tămâie	=	Ncfsrn	tă.mâ.ie	tăm'âie	t @ m 1 j e	k
287155	tăureanc	=	Ncms-n	tă.u.reanc	tăure'anc	t @ u r e_X a n k	y
287158	tăurenci	tăureanc	Ncmp-n	tă.u.renci	tăur'enci	t @ u r e n tS	y
288366	taumaturg	=	Ncms-n	ta.u.ma.turg	taumat'urg	t a u m a t u r g	y
288367	taumaturgi	taumaturg	Ncmp-n	ta.u.ma.turgi	taumat'urgi	t a u m a t u r gZ	y
289049	teleleice	teleleică	Ncfp-n	te.le.lei.ce	telel'eice	t e l e l e j tS e	y
289051	teleleici	teleleică	Ncfp-n	te.le.leici	telel'eici	t e l e l e j tS	y
289057	teleleică	=	Ncfsrn	te.le.lei.că	telel'eică	t e l e l e j k @	y
289083	telescaun	=	Ncms-n	te.les.ca.un	telesc'aun	t e l e s k a u n	y
289084	telescaune	telescaun	Ncfp-n	te.les.ca.u.ne	telesc'aune	t e l e s k a u n e	y
291161	tigaie	=	Ncfsrn	ti.ga.ie	tig'aie	t i g a j e	k
291185	tigăi	tigaie	Ncfp-n	ti.găi	tig'ăi	t i g @ j	k
292792	toreutici	toreutică	Ncfp-n	to.re.u.tici	tore'utici	t o r e u t i tS	y
292797	toreutică	=	Ncfsrn	to.re.u.ti.că	tore'utică	t o r e u t i k @	y
293254	trăitor	=	Ncms-n	tră.i.tor	trăit'or	t r @ i t o r	y
293256	trăitori	trăitor	Ncmp-n	tră.i.tori	trăit'ori	t r @ i t o r i_0	y
294320	translare	=	Ncfsrn	trans.la.re	transl'are	t r a n s l a r e	!!
294374	translări	translare	Ncfp-n	trans.lări	transl'ări	t r a n s l @ r i_0	!!
303209	văpaie	=	Ncfsrn	vă.pa.ie	văp'aie	v @ p a j e	k
303218	văpăi	văpaie	Ncfp-n	vă.păi	văp'ăi	v @ p @ j	k
304240	variație	=	Ncfsrn	va.ri.a.ți.e	vari'ație	v a r i a ts i e	y
304243	variații	variație	Ncfp-n	va.ri.a.ții	vari'ații	v a r i a ts i j	y
304249	variațiune	=	Ncfsrn	va.ri.a.țiu.ne	variați'une	v a r i a ts j u n e	y
304251	variațiuni	variațiune	Ncfp-n	va.ri.a.țiuni	variați'uni	v a r i a ts j u n i_0	y
306094	vicecampion	=	Ncms-n	vi.ce.cam.pi.on	vicecampi'on	v i tS e k a m p i o n	y
306095	vicecampioni	vicecampion	Ncmp-n	vi.ce.cam.pi.oni	vicecampi'oni	v i tS e k a m p i o n i_0	y
306685	viitor	=	Ncms-n	vi.i.tor	viit'or	v i i t o r	y
306693	viitoruri	viitor	Ncfp-n	vi.i.to.ruri	viit'oruri	v i i t o r u r i_0	y
307016	vioiciune	=	Ncfsrn	vi.o.i.ciu.ne	vioici'une	v i o i tS u n e	y
307018	vioiciuni	vioiciune	Ncfp-n	vi.o.i.ciuni	vioici'uni	v i o i tS u n i_0	y
308318	voi	voie	Ncfp-n	voi	voi	v o j	k
308347	voie	=	Ncfsrn	vo.ie	v'oie	v o j e	k
309545	vânătaie	=	Ncfsrn	vâ.nă.ta.ie	vânăt'aie	v 1 n @ t a j e	k
309575	vânătăi	vânătaie	Ncfp-n	vâ.nă.tăi	vânăt'ăi	v 1 n @ t @ j	k
310458	zăitin	=	Ncms-n	zăi.tin	zăit'in	z @ j t i n	y
310461	zăitinuri	zăitin	Ncfp-n	zăi.ti.nuri	zăit'inuri	z @ j t i n u r i_0	y
326495	înscriere	=	Ncfsrn	în.scri.e.re	înscr'iere	1 n s k r i e r e	y
326497	înscrieri	înscriere	Ncfp-n	în.scri.eri	înscr'ieri	1 n s k r i e r i_0	y