	INDEX	form	lemma	xpos	syllables	stress	phon
173	173	șalanj	=	Ncfp-n	șa.lanj	șal'anj	S a l a n Z
174	174	șalanj	=	Ncm--n	șa.lanj	șal'anj	S a l a n Z
175	175	șalanj	=	Ncmsvn	șa.lanj	șal'anj	S a l a n Z
363	363	șantung	=	Ncfp-n	șan.tung	ș'antung	S a n t u n g
364	364	șantung	=	Ncm--n	șan.tung	ș'antung	S a n t u n g
365	365	șantung	=	Ncmsvn	șan.tung	ș'antung	S a n t u n g
1412	1412	șlem	=	Ncfp-n	șlem	șlem	S l e m
1413	1413	șlem	=	Ncm--n	șlem	șlem	S l e m
1414	1414	șlem	=	Ncmsvn	șlem	șlem	S l e m
1470	1470	șmag	=	Ncfp-n	șmag	șmag	S m a g
1471	1471	șmag	=	Ncm--n	șmag	șmag	S m a g
1472	1472	șmag	=	Ncmsvn	șmag	șmag	S m a g
1607	1607	șnaps	=	Ncfp-n	șnaps	șnaps	S n a p s
1608	1608	șnaps	=	Ncm--n	șnaps	șnaps	S n a p s
1609	1609	șnaps	=	Ncmsvn	șnaps	șnaps	S n a p s
1804	1804	șofaj	=	Ncfp-n	șo.faj	șof'aj	S o f a Z
1805	1805	șofaj	=	Ncm--n	șo.faj	șof'aj	S o f a Z
1806	1806	șofaj	=	Ncmsvn	șo.faj	șof'aj	S o f a Z
3447	3447	țărmure	=	Ncfp-n	țăr.mu.re	ț'ărmure	ts @ r m u r e
3448	3448	țărmure	=	Ncms-n	țăr.mu.re	ț'ărmure	ts @ r m u r e
3761	3761	țif	=	Ncfp-n	țif	țif	ts i f
3762	3762	țif	=	Ncm--n	țif	țif	ts i f
3763	3763	țif	=	Ncmsvn	țif	țif	ts i f
3877	3877	țincvais	=	Ncfp-n	ținc.vais	ț'incvais	ts i n k v a j s
3878	3878	țincvais	=	Ncm--n	ținc.vais	ț'incvais	ts i n k v a j s
3879	3879	țincvais	=	Ncmsvn	ținc.vais	ț'incvais	ts i n k v a j s
4117	4117	țipirig	=	Ncfp-n	ți.pi.rig	țipir'ig	ts i p i r i g
4118	4118	țipirig	=	Ncm--n	ți.pi.rig	țipir'ig	ts i p i r i g
4119	4119	țipirig	=	Ncmsvn	ți.pi.rig	țipir'ig	ts i p i r i g
4310	4310	țuhaus	=	Ncfp-n	țu.haus	țuh'aus	ts u h a w s
4311	4311	țuhaus	=	Ncm--n	țu.haus	țuh'aus	ts u h a w s
4312	4312	țuhaus	=	Ncmsvn	țu.haus	țuh'aus	ts u h a w s
18191	18191	abolla	=	Ncfsrn	a.bol.la	ab'olla	a b o l l a
18192	18192	abolla	=	Ncfsry	a.bol.la	ab'olla	a b o l l a
18943	18943	abureală	=	Ncfsrn	a.bu.rea.lă	abure'ală	a b u r e_X a l @
18944	18944	abureală	=	Ncfsry	a.bu.rea.lă	abure'ală	a b u r e_X a l @
19839	19839	aceratherium	=	Ncfp-n	a.ce.ra.the.ri.um	acerath'erium	a tS e r a t h e r i u m
19840	19840	aceratherium	=	Ncm--n	a.ce.ra.the.ri.um	acerath'erium	a tS e r a t h e r i u m
19841	19841	aceratherium	=	Ncmsvn	a.ce.ra.the.ri.um	acerath'erium	a tS e r a t h e r i u m
21287	21287	acvadag	=	Ncfp-n	ac.va.dag	acvad'ag	a k v a d a g
21288	21288	acvadag	=	Ncm--n	ac.va.dag	acvad'ag	a k v a d a g
21289	21289	acvadag	=	Ncmsvn	ac.va.dag	acvad'ag	a k v a d a g
21747	21747	adenocarcinom	=	Ncfp-n	a.de.no.car.ci.nom	adenocarcin'om	a d e n o k a r tS i n o m
21748	21748	adenocarcinom	=	Ncm--n	a.de.no.car.ci.nom	adenocarcin'om	a d e n o k a r tS i n o m
21749	21749	adenocarcinom	=	Ncmsvn	a.de.no.car.ci.nom	adenocarcin'om	a d e n o k a r tS i n o m
21755	21755	adenofibrom	=	Ncfp-n	a.de.no.fi.brom	adenofibr'om	a d e n o f i b r o m
21756	21756	adenofibrom	=	Ncm--n	a.de.no.fi.brom	adenofibr'om	a d e n o f i b r o m
21757	21757	adenofibrom	=	Ncmsvn	a.de.no.fi.brom	adenofibr'om	a d e n o f i b r o m
22542	22542	adonis	=	Ncfp-n	a.do.nis	ad'onis	a d o n i s
22543	22543	adonis	=	Ncm--n	a.do.nis	ad'onis	a d o n i s
22544	22544	adonis	=	Ncmsvn	a.do.nis	ad'onis	a d o n i s
23278	23278	aerlift	=	Ncfp-n	a.er.lift	aerl'ift	a e r l i f t
23279	23279	aerlift	=	Ncm--n	a.er.lift	aerl'ift	a e r l i f t
23280	23280	aerlift	=	Ncmsvn	a.er.lift	aerl'ift	a e r l i f t
23778	23778	afin	=	Ncms-n	a.fin	'afin	a f i n
23779	23779	afin	=	Ncms-n	a.fin	af'in	a f i n
25071	25071	ahei	=	Ncmp-n	a.hei	ah'ei	a h e j
25072	25072	ahei	=	Ncmpry	a.hei	ah'ei	a h e j
27101	27101	alohton	=	Ncfp-n	a.loh.ton	aloht'on	a l o h t o n
27102	27102	alohton	=	Ncm--n	a.loh.ton	aloht'on	a l o h t o n
27103	27103	alohton	=	Ncmsvn	a.loh.ton	aloht'on	a l o h t o n
27386	27386	altostratus	=	Ncfp-n	al.to.stra.tus	altostr'atus	a l t o s t r a t u s
27387	27387	altostratus	=	Ncm--n	al.to.stra.tus	altostr'atus	a l t o s t r a t u s
27388	27388	altostratus	=	Ncmsvn	al.to.stra.tus	altostr'atus	a l t o s t r a t u s
27437	27437	aluminium	=	Ncfp-n	a.lu.mi.ni.um	alum'inium	a l u m i n i u m
27438	27438	aluminium	=	Ncm--n	a.lu.mi.ni.um	alum'inium	a l u m i n i u m
27439	27439	aluminium	=	Ncmsvn	a.lu.mi.ni.um	alum'inium	a l u m i n i u m
27514	27514	alunele	=	Ncfp-n	a.lu.ne.le	alun'ele	a l u n e l e
27515	27515	alunele	=	Ncfson	a.lu.ne.le	alun'ele	a l u n e l e
27815	27815	amărunt	=	Ncfp-n	a.mă.runt	amăr'unt	a m @ r u n t
27816	27816	amărunt	=	Ncm--n	a.mă.runt	amăr'unt	a m @ r u n t
27817	27817	amărunt	=	Ncmsvn	a.mă.runt	amăr'unt	a m @ r u n t
29054	29054	aminoplast	=	Ncfp-n	a.mi.no.plast	aminopl'ast	a m i n o p l a s t
29055	29055	aminoplast	=	Ncm--n	a.mi.no.plast	aminopl'ast	a m i n o p l a s t
29056	29056	aminoplast	=	Ncmsvn	a.mi.no.plast	aminopl'ast	a m i n o p l a s t
30463	30463	androsteron	=	Ncfp-n	an.dros.te.ron	androster'on	a n d r o s t e r o n
30464	30464	androsteron	=	Ncm--n	an.dros.te.ron	androster'on	a n d r o s t e r o n
30465	30465	androsteron	=	Ncmsvn	an.dros.te.ron	androster'on	a n d r o s t e r o n
31898	31898	anticlor	=	Ncfp-n	an.ti.clor	anticl'or	a n t i k l o r
31899	31899	anticlor	=	Ncm--n	an.ti.clor	anticl'or	a n t i k l o r
31900	31900	anticlor	=	Ncmsvn	an.ti.clor	anticl'or	a n t i k l o r
32183	32183	antifurt	=	Ncfp-n	an.ti.furt	antif'urt	a n t i f u r t
32184	32184	antifurt	=	Ncm--n	an.ti.furt	antif'urt	a n t i f u r t
32185	32185	antifurt	=	Ncmsvn	an.ti.furt	antif'urt	a n t i f u r t
32508	32508	antipapă	=	Ncfsrn	an.ti.pa.pă	antip'apă	a n t i p a p @
32509	32509	antipapă	=	Ncms-n	an.ti.pa.pă	antip'apă	a n t i p a p @
32595	32595	antipsoriazis	=	Ncfp-n	an.tip.so.ria.zis	antipsori'azis	a n t i p s o r j a z i s
32596	32596	antipsoriazis	=	Ncm--n	an.tip.so.ria.zis	antipsori'azis	a n t i p s o r j a z i s
32597	32597	antipsoriazis	=	Ncmsvn	an.tip.so.ria.zis	antipsori'azis	a n t i p s o r j a z i s
32756	32756	antispast	=	Ncfp-n	an.ti.spast	antisp'ast	a n t i s p a s t
32757	32757	antispast	=	Ncm--n	an.ti.spast	antisp'ast	a n t i s p a s t
32758	32758	antispast	=	Ncmsvn	an.ti.spast	antisp'ast	a n t i s p a s t
32909	32909	antonomaj	=	Ncfp-n	an.to.no.maj	antonom'aj	a n t o n o m a Z
32910	32910	antonomaj	=	Ncm--n	an.to.no.maj	antonom'aj	a n t o n o m a Z
32911	32911	antonomaj	=	Ncmsvn	an.to.no.maj	antonom'aj	a n t o n o m a Z
33707	33707	apendice	=	Ncfp-n	a.pen.di.ce	ap'endice	a p e n d i tS e
33708	33708	apendice	=	Ncms-n	a.pen.di.ce	ap'endice	a p e n d i tS e
34088	34088	apocalips	=	Ncfp-n	a.po.ca.lips	apocal'ips	a p o k a l i p s
34089	34089	apocalips	=	Ncm--n	a.po.ca.lips	apocal'ips	a p o k a l i p s
34090	34090	apocalips	=	Ncmsvn	a.po.ca.lips	apocal'ips	a p o k a l i p s
36005	36005	arheopterix	=	Ncfp-n	ar.he.o.pte.rix	arheopt'erix	a r h e o p t e r i ks
36006	36006	arheopterix	=	Ncm--n	ar.he.o.pte.rix	arheopt'erix	a r h e o p t e r i ks
36007	36007	arheopterix	=	Ncmsvn	ar.he.o.pte.rix	arheopt'erix	a r h e o p t e r i ks
36725	36725	arsen	=	Ncfp-n	ar.sen	ars'en	a r s e n
36726	36726	arsen	=	Ncm--n	ar.sen	ars'en	a r s e n
36727	36727	arsen	=	Ncmsvn	ar.sen	ars'en	a r s e n
36773	36773	artefact	=	Ncfp-n	ar.te.fact	artef'act	a r t e f a k t
36774	36774	artefact	=	Ncm--n	ar.te.fact	artef'act	a r t e f a k t
36775	36775	artefact	=	Ncmsvn	ar.te.fact	artef'act	a r t e f a k t
42706	42706	avă	=	Ncfsrn	a.vă	'avă	a v @
42707	42707	avă	=	Ncms-n	a.vă	'avă	a v @
44551	44551	bărbunc	=	Ncfp-n	băr.bunc	bărb'unc	b @ r b u n k
44552	44552	bărbunc	=	Ncm--n	băr.bunc	bărb'unc	b @ r b u n k
44553	44553	bărbunc	=	Ncmsvn	băr.bunc	bărb'unc	b @ r b u n k
45057	45057	badminton	=	Ncfp-n	bad.min.ton	b'adminton	b a d m i n t o n
45058	45058	badminton	=	Ncm--n	bad.min.ton	b'adminton	b a d m i n t o n
45059	45059	badminton	=	Ncmsvn	bad.min.ton	b'adminton	b a d m i n t o n
46615	46615	bazedov	=	Ncfp-n	ba.ze.dov	b'azedov	b a z e d o v
46616	46616	bazedov	=	Ncm--n	ba.ze.dov	b'azedov	b a z e d o v
46617	46617	bazedov	=	Ncmsvn	ba.ze.dov	b'azedov	b a z e d o v
46681	46681	beșteleală	=	Ncfsrn	beș.te.lea.lă	beștele'ală	b e S t e l e_X a l @
46682	46682	beșteleală	=	Ncfsry	beș.te.lea.lă	beștele'ală	b e S t e l e_X a l @
46977	46977	bemberg	=	Ncfp-n	bem.berg	b'emberg	b e m b e r g
46978	46978	bemberg	=	Ncm--n	bem.berg	b'emberg	b e m b e r g
46979	46979	bemberg	=	Ncmsvn	bem.berg	b'emberg	b e m b e r g
47269	47269	bermude	=	Ncfp-n	ber.mu.de	berm'ude	b e r m u d e
47270	47270	bermude	=	Ncfson	ber.mu.de	berm'ude	b e r m u d e
49143	49143	bleav	=	Ncfp-n	bleav	bleav	b l e_X a v
49144	49144	bleav	=	Ncm--n	bleav	bleav	b l e_X a v
49145	49145	bleav	=	Ncmsvn	bleav	bleav	b l e_X a v
49323	49323	blimp	=	Ncfp-n	blimp	blimp	b l i m p
49324	49324	blimp	=	Ncm--n	blimp	blimp	b l i m p
49325	49325	blimp	=	Ncmsvn	blimp	blimp	b l i m p
49381	49381	blitz	=	Ncfp-n	blitz	bl'itz	b l j t z
49382	49382	blitz	=	Ncm--n	blitz	bl'itz	b l j t z
49383	49383	blitz	=	Ncmsvn	blitz	bl'itz	b l j t z
50455	50455	bombăneală	=	Ncfsrn	bom.bă.nea.lă	bombăne'ală	b o m b @ n e_X a l @
50456	50456	bombăneală	=	Ncfsry	bom.bă.nea.lă	bombăne'ală	b o m b @ n e_X a l @
50893	50893	bort	=	Ncfp-n	bort	bort	b o r t
50894	50894	bort	=	Ncm--n	bort	bort	b o r t
50895	50895	bort	=	Ncmsvn	bort	bort	b o r t
50973	50973	boston	=	Ncm--n	bos.ton	bost'on	b o s t o n
50974	50974	boston	=	Ncmsvn	bos.ton	bost'on	b o s t o n
51167	51167	bourree	=	Ncms-n	bo.u.rre.e	bourr'ee	b o u r r e e
51168	51168	bourree	=	Ncmsvy	bo.u.rre.e	bourr'ee	b o u r r e e
51443	51443	branchipus	=	Ncfp-n	bran.chi.pus	br'anchipus	b r a n k_j i p u s
51444	51444	branchipus	=	Ncm--n	bran.chi.pus	br'anchipus	b r a n k_j i p u s
51445	51445	branchipus	=	Ncmsvn	bran.chi.pus	br'anchipus	b r a n k_j i p u s
52098	52098	brum	=	Ncfp-n	brum	brum	b r u m
52099	52099	brum	=	Ncm--n	brum	brum	b r u m
52100	52100	brum	=	Ncmsvn	brum	brum	b r u m
52897	52897	buftea	=	Ncms-n	buf.tea	b'uftea	b u f t e_X a
52898	52898	buftea	=	Ncmsry	buf.tea	b'uftea	b u f t e_X a
53502	53502	buna	=	Ncfsrn	bu.na	b'una	b u n a
53503	53503	buna	=	Ncfsry	bu.na	b'una	b u n a
54358	54358	bâzdâc	=	Ncfp-n	bâz.dâc	bâzd'âc	b 1 z d 1 k
54359	54359	bâzdâc	=	Ncm--n	bâz.dâc	bâzd'âc	b 1 z d 1 k
54360	54360	bâzdâc	=	Ncmsvn	bâz.dâc	bâzd'âc	b 1 z d 1 k
55697	55697	cărbune	=	Ncms-n	căr.bu.ne	cărb'une	k @ r b u n e
55698	55698	cărbune	=	Ncmsvy	căr.bu.ne	cărb'une	k @ r b u n e
56745	56745	calapăr	=	Ncfp-n	ca.la.păr	calap'ăr	k a l a p @ r
56746	56746	calapăr	=	Ncm--n	ca.la.păr	calap'ăr	k a l a p @ r
56747	56747	calapăr	=	Ncmsvn	ca.la.păr	calap'ăr	k a l a p @ r
57556	57556	camgarn	=	Ncfp-n	cam.garn	c'amgarn	k a m g a r n
57557	57557	camgarn	=	Ncm--n	cam.garn	c'amgarn	k a m g a r n
57558	57558	camgarn	=	Ncmsvn	cam.garn	c'amgarn	k a m g a r n
57590	57590	camorra	=	Ncfsrn	ca.mor.ra	cam'orra	k a m o r r a
57591	57591	camorra	=	Ncfsry	ca.mor.ra	cam'orra	k a m o r r a
57674	57674	canabis	=	Ncfp-n	ca.na.bis	can'abis	k a n a b i s
57675	57675	canabis	=	Ncm--n	ca.na.bis	can'abis	k a n a b i s
57676	57676	canabis	=	Ncmsvn	ca.na.bis	can'abis	k a n a b i s
57721	57721	canale	=	Ncfp-n	ca.na.le	can'ale	k a n a l e
57722	57722	canale	=	Ncfpry	ca.na.le	can'ale	k a n a l e
57723	57723	canale	=	Ncfson	ca.na.le	can'ale	k a n a l e
58153	58153	canto	=	Ncfp-n	can.to	c'anto	k a n t o
58154	58154	canto	=	Ncms-n	can.to	c'anto	k a n t o
58390	58390	capitalband	=	Ncfp-n	ca.pi.tal.band	capit'alband	k a p i t a l b a n d
58391	58391	capitalband	=	Ncm--n	ca.pi.tal.band	capit'alband	k a p i t a l b a n d
58392	58392	capitalband	=	Ncmsvn	ca.pi.tal.band	capit'alband	k a p i t a l b a n d
59087	59087	carborundum	=	Ncfp-n	car.bo.run.dum	carbor'undum	k a r b o r u n d u m
59088	59088	carborundum	=	Ncm--n	car.bo.run.dum	carbor'undum	k a r b o r u n d u m
59089	59089	carborundum	=	Ncmsvn	car.bo.run.dum	carbor'undum	k a r b o r u n d u m
59121	59121	cardamom	=	Ncfp-n	car.da.mom	cardam'om	k a r d a m o m
59122	59122	cardamom	=	Ncm--n	car.da.mom	cardam'om	k a r d a m o m
59123	59123	cardamom	=	Ncmsvn	car.da.mom	cardam'om	k a r d a m o m
60392	60392	catgut	=	Ncfp-n	cat.gut	c'atgut	k a t g u t
60393	60393	catgut	=	Ncm--n	cat.gut	c'atgut	k a t g u t
60394	60394	catgut	=	Ncmsvn	cat.gut	c'atgut	k a t g u t
62502	62502	cerithium	=	Ncfp-n	ce.ri.thi.um	cer'ithium	tS e r i t i u m
62503	62503	cerithium	=	Ncm--n	ce.ri.thi.um	cer'ithium	tS e r i t i u m
62504	62504	cerithium	=	Ncmsvn	ce.ri.thi.um	cer'ithium	tS e r i t i u m
62824	62824	cervix	=	Ncfp-n	cer.vix	c'ervix	tS e r v i ks
62825	62825	cervix	=	Ncm--n	cer.vix	c'ervix	tS e r v i ks
62826	62826	cervix	=	Ncmsvn	cer.vix	c'ervix	tS e r v i ks
65754	65754	cir	=	Ncfp-n	cir	cir	tS i r
65755	65755	cir	=	Ncm--n	cir	cir	tS i r
65756	65756	cir	=	Ncmsvn	cir	cir	tS i r
66043	66043	cirocumulus	=	Ncfp-n	ci.ro.cu.mu.lus	ciroc'umulus	tS i r o k u m u l u s
66044	66044	cirocumulus	=	Ncm--n	ci.ro.cu.mu.lus	ciroc'umulus	tS i r o k u m u l u s
66045	66045	cirocumulus	=	Ncmsvn	ci.ro.cu.mu.lus	ciroc'umulus	tS i r o k u m u l u s
66297	66297	ciucure	=	Ncms-n	ciu.cu.re	ci'ucure	tS u k u r e
66298	66298	ciucure	=	Ncmsvy	ciu.cu.re	ci'ucure	tS u k u r e
67657	67657	clește	=	Ncms-n	cleș.te	cl'ește	k l e S t e
67658	67658	clește	=	Ncmsvy	cleș.te	cl'ește	k l e S t e
67917	67917	climax	=	Ncfp-n	cli.max	cl'imax	k l i m a ks
67918	67918	climax	=	Ncm--n	cli.max	cl'imax	k l i m a ks
67919	67919	climax	=	Ncmsvn	cli.max	cl'imax	k l i m a ks
67931	67931	clincing	=	Ncfp-n	clin.cing	cl'incing	k l i n tS i n g
67932	67932	clincing	=	Ncm--n	clin.cing	cl'incing	k l i n tS i n g
67933	67933	clincing	=	Ncmsvn	clin.cing	cl'incing	k l i n tS i n g
68222	68222	clon	=	Ncfp-n	clon	clon	k l o n
68223	68223	clon	=	Ncm--n	clon	clon	k l o n
68224	68224	clon	=	Ncmsvn	clon	clon	k l o n
70692	70692	coma	=	Ncfsrn	co.ma	c'oma	k o m a
70693	70693	coma	=	Ncfsry	co.ma	c'oma	k o m a
71469	71469	comite	=	Ncms-n	co.mi.te	c'omite	k o m i t e
71470	71470	comite	=	Ncmsvy	co.mi.te	c'omite	k o m i t e
71789	71789	compars	=	Ncfp-n	com.pars	comp'ars	k o m p a r s
71790	71790	compars	=	Ncm--n	com.pars	comp'ars	k o m p a r s
71791	71791	compars	=	Ncmsvn	com.pars	comp'ars	k o m p a r s
72316	72316	complice	=	Ncf--n	com.pli.ce	compl'ice	k o m p l i tS e
72317	72317	complice	=	Ncms-n	com.pli.ce	compl'ice	k o m p l i tS e
77698	77698	conte	=	Ncms-n	con.te	c'onte	k o n t e
77699	77699	conte	=	Ncmsvy	con.te	c'onte	k o n t e
81137	81137	corm	=	Ncfp-n	corm	corm	k o r m
81138	81138	corm	=	Ncm--n	corm	corm	k o r m
81139	81139	corm	=	Ncmsvn	corm	corm	k o r m
81350	81350	corrigenda	=	Ncfsrn	co.rri.gen.da	corrig'enda	k o r r i gZ e n d a
81351	81351	corrigenda	=	Ncfsry	co.rri.gen.da	corrig'enda	k o r r i gZ e n d a
82871	82871	crețușcă	=	Ncfsrn	cre.țuș.că	creț'ușcă	k r e ts u S k @
82872	82872	crețușcă	=	Ncfsvy	cre.țuș.că	creț'ușcă	k r e ts u S k @
83334	83334	crepdeșin	=	Ncfp-n	crep.de.șin	crepdeș'in	k r e p d e S i n
83335	83335	crepdeșin	=	Ncm--n	crep.de.șin	crepdeș'in	k r e p d e S i n
83336	83336	crepdeșin	=	Ncmsvn	crep.de.șin	crepdeș'in	k r e p d e S i n
84314	84314	cronometru	=	Ncfp-n	cro.no.me.tru	cronom'etru	k r o n o m e t r u
84315	84315	cronometru	=	Ncms-n	cro.no.me.tru	cronom'etru	k r o n o m e t r u
84546	84546	crup	=	Ncfp-n	crup	crup	k r u p
84547	84547	crup	=	Ncm--n	crup	crup	k r u p
84548	84548	crup	=	Ncmsvn	crup	crup	k r u p
84855	84855	cuadruplex	=	Ncfp-n	cua.dru.plex	cuadrupl'ex	k w a d r u p l e ks
84856	84856	cuadruplex	=	Ncm--n	cua.dru.plex	cuadrupl'ex	k w a d r u p l e ks
84857	84857	cuadruplex	=	Ncmsvn	cua.dru.plex	cuadrupl'ex	k w a d r u p l e ks
85631	85631	culm	=	Ncfp-n	culm	culm	k u l m
85632	85632	culm	=	Ncm--n	culm	culm	k u l m
85633	85633	culm	=	Ncmsvn	culm	culm	k u l m
86298	86298	cumulonimbus	=	Ncfp-n	cu.mu.lo.nim.bus	cumulon'imbus	k u m u l o n i m b u s
86299	86299	cumulonimbus	=	Ncm--n	cu.mu.lo.nim.bus	cumulon'imbus	k u m u l o n i m b u s
86300	86300	cumulonimbus	=	Ncmsvn	cu.mu.lo.nim.bus	cumulon'imbus	k u m u l o n i m b u s
87129	87129	curie	=	Ncfsrn	cu.ri.e	c'urie	k u r i e
87130	87130	curie	=	Ncm--n	cu.ri.e	cur'ie	k u r i e
88008	88008	câine	=	Ncms-n	câi.ne	c'âine	k 1 j n e
88009	88009	câine	=	Ncmsvy	câi.ne	c'âine	k 1 j n e
88386	88386	cârmâz	=	Ncfp-n	câr.mâz	cârm'âz	k 1 r m 1 z
88387	88387	cârmâz	=	Ncm--n	câr.mâz	cârm'âz	k 1 r m 1 z
88388	88388	cârmâz	=	Ncmsvn	câr.mâz	cârm'âz	k 1 r m 1 z
100911	100911	detriment	=	Ncfp-n	de.tri.ment	detrim'ent	d e t r i m e n t
100912	100912	detriment	=	Ncm--n	de.tri.ment	detrim'ent	d e t r i m e n t
100913	100913	detriment	=	Ncmsvn	de.tri.ment	detrim'ent	d e t r i m e n t
104934	104934	digamma	=	Ncfsrn	di.gam.ma	dig'amma	d i g a m m a
104935	104935	digamma	=	Ncfsry	di.gam.ma	dig'amma	d i g a m m a
105156	105156	dilauden	=	Ncfp-n	di.lau.den	dilaud'en	d i l a w d e n
105157	105157	dilauden	=	Ncm--n	di.lau.den	dilaud'en	d i l a w d e n
105158	105158	dilauden	=	Ncmsvn	di.lau.den	dilaud'en	d i l a w d e n
105562	105562	dinte	=	Ncms-n	din.te	d'inte	d i n t e
105563	105563	dinte	=	Ncmsvy	din.te	d'inte	d i n t e
105801	105801	diriginte	=	Ncms-n	di.ri.gin.te	dirig'inte	d i r i gZ i n t e
105802	105802	diriginte	=	Ncmsvy	di.ri.gin.te	dirig'inte	d i r i gZ i n t e
106041	106041	disco	=	Ncfp-n	dis.co	d'isco	d i s k o
106042	106042	disco	=	Ncms-n	dis.co	d'isco	d i s k o
110893	110893	drușcă	=	Ncfsrn	druș.că	dr'ușcă	d r u S k @
110894	110894	drușcă	=	Ncfsvy	druș.că	dr'ușcă	d r u S k @
111218	111218	duble	=	Ncfp-n	du.ble	dubl'e	d u b l e
111219	111219	duble	=	Ncm--n	du.ble	dubl'e	d u b l e
111220	111220	duble	=	Ncmsvn	du.ble	dubl'e	d u b l e
111278	111278	duce	=	Ncms-n	du.ce	d'uce	d u tS e
111279	111279	duce	=	Ncmsvy	du.ce	d'uce	d u tS e
112265	112265	dârmox	=	Ncfp-n	dâr.mox	dârm'ox	d 1 r m o ks
112266	112266	dârmox	=	Ncm--n	dâr.mox	dârm'ox	d 1 r m o ks
112267	112267	dârmox	=	Ncmsvn	dâr.mox	dârm'ox	d 1 r m o ks
113348	113348	edelvais	=	Ncfp-n	e.del.vais	'edelvais	e d e l v a j s
113349	113349	edelvais	=	Ncm--n	e.del.vais	'edelvais	e d e l v a j s
113350	113350	edelvais	=	Ncmsvn	e.del.vais	'edelvais	e d e l v a j s
114626	114626	electrosomn	=	Ncfp-n	e.lec.tro.somn	electros'omn	e l e k t r o s o m n
114627	114627	electrosomn	=	Ncm--n	e.lec.tro.somn	electros'omn	e l e k t r o s o m n
114628	114628	electrosomn	=	Ncmsvn	e.lec.tro.somn	electros'omn	e l e k t r o s o m n
114637	114637	electrum	=	Ncfp-n	e.lec.trum	el'ectrum	e l e k t r u m
114638	114638	electrum	=	Ncm--n	e.lec.trum	el'ectrum	e l e k t r u m
114639	114639	electrum	=	Ncmsvn	e.lec.trum	el'ectrum	e l e k t r u m
118432	118432	eurosceptic	=	Ncms-n	e.u.ro.scep.tic	eurosc'eptic	e u r o s tS e p t i k
118433	118433	eurosceptic	=	Ncmsrn	e.u.ro.scep.tic	eurosc'eptic	e u r o s tS e p t i k
125173	125173	federvais	=	Ncfp-n	fe.der.vais	f'edervais	f e d e r v a j s
125174	125174	federvais	=	Ncm--n	fe.der.vais	f'edervais	f e d e r v a j s
125175	125175	federvais	=	Ncmsvn	fe.der.vais	f'edervais	f e d e r v a j s
126007	126007	fetească	=	Ncfsrn	fe.teas.că	fete'ască	f e t e_X a s k @
126008	126008	fetească	=	Ncfsvy	fe.teas.că	fete'ască	f e t e_X a s k @
127831	127831	fixaj	=	Ncfp-n	fi.xaj	fix'aj	f i ks a Z
127832	127832	fixaj	=	Ncm--n	fi.xaj	fix'aj	f i ks a Z
127833	127833	fixaj	=	Ncmsvn	fi.xaj	fix'aj	f i ks a Z
128279	128279	flax	=	Ncfp-n	flax	flax	f l a ks
128280	128280	flax	=	Ncm--n	flax	flax	f l a ks
128281	128281	flax	=	Ncmsvn	flax	flax	f l a ks
128563	128563	flint	=	Ncfp-n	flint	flint	f l i n t
128564	128564	flint	=	Ncm--n	flint	flint	f l i n t
128565	128565	flint	=	Ncmsvn	flint	flint	f l i n t
128699	128699	floricele	=	Ncfp-n	flo.ri.ce.le	floric'ele	f l o r i tS e l e
128700	128700	floricele	=	Ncfson	flo.ri.ce.le	floric'ele	f l o r i tS e l e
128724	128724	florii	=	Ncfp-n	flo.rii	flor'ii	f l o r i j
128725	128725	florii	=	Ncfson	flo.rii	flor'ii	f l o r i j
129190	129190	foamete	=	Ncfson	foa.me.te	fo'amete	f o_X a m e t e
129191	129191	foamete	=	Ncfsrn	foa.me.te	fo'amete	f o_X a m e t e
131913	131913	friz	=	Ncfp-n	friz	friz	f r i z
131914	131914	friz	=	Ncm--n	friz	friz	f r i z
131915	131915	friz	=	Ncmsvn	friz	friz	f r i z
132239	132239	frupt	=	Ncfp-n	frupt	frupt	f r u p t
132240	132240	frupt	=	Ncm--n	frupt	frupt	f r u p t
132241	132241	frupt	=	Ncmsvn	frupt	frupt	f r u p t
133664	133664	fux	=	Ncfp-n	fux	fux	f u ks
133665	133665	fux	=	Ncm--n	fux	fux	f u ks
133666	133666	fux	=	Ncmsvn	fux	fux	f u ks
135088	135088	gazbeton	=	Ncfp-n	gaz.be.ton	gazbet'on	g a z b e t o n
135089	135089	gazbeton	=	Ncm--n	gaz.be.ton	gazbet'on	g a z b e t o n
135090	135090	gazbeton	=	Ncmsvn	gaz.be.ton	gazbet'on	g a z b e t o n
135714	135714	genunchi	=	Ncmp-n	ge.nunchi	gen'unchi	gZ e n u n k_j
135715	135715	genunchi	=	Ncms-n	ge.nunchi	gen'unchi	gZ e n u n k_j
135973	135973	germene	=	Ncms-n	ger.me.ne	g'ermene	gZ e r m e n e
135974	135974	germene	=	Ncmsvy	ger.me.ne	g'ermene	gZ e r m e n e
136362	136362	ghicitoare	=	Ncf--n	ghi.ci.toa.re	ghicito'are	g_j i tS i t o_X a r e
136363	136363	ghicitoare	=	Ncfsrn	ghi.ci.toa.re	ghicito'are	g_j i tS i t o_X a r e
136822	136822	gilbox	=	Ncfp-n	gil.box	g'ilbox	gZ i l b o k s
136823	136823	gilbox	=	Ncm--n	gil.box	g'ilbox	gZ i l b o k s
136824	136824	gilbox	=	Ncmsvn	gil.box	g'ilbox	gZ i l b o k s
136939	136939	ginseng	=	Ncfp-n	gin.seng	gins'eng	gZ i n s e n g
136940	136940	ginseng	=	Ncm--n	gin.seng	gins'eng	gZ i n s e n g
136941	136941	ginseng	=	Ncmsvn	gin.seng	gins'eng	gZ i n s e n g
137600	137600	gnu	=	Ncfp-n	gnu	gnu	g n u
137601	137601	gnu	=	Ncm--n	gnu	gnu	g n u
137602	137602	gnu	=	Ncmsvn	gnu	gnu	g n u
139704	139704	grus	=	Ncfp-n	grus	grus	g r u s
139705	139705	grus	=	Ncm--n	grus	grus	g r u s
139706	139706	grus	=	Ncmsvn	grus	grus	g r u s
140096	140096	gutui	=	Ncmp-n	gu.tui	gut'ui	g u t u j
140097	140097	gutui	=	Ncms-n	gu.tui	gut'ui	g u t u j
140252	140252	gâde	=	Ncms-n	gâ.de	g'âde	g 1 d e
140253	140253	gâde	=	Ncmsvy	gâ.de	g'âde	g 1 d e
141090	141090	hacienda	=	Ncfsrn	ha.ci.en.da	haci'enda	h a i e n d a
141091	141091	hacienda	=	Ncfsry	ha.ci.en.da	haci'enda	h a i e n d a
141195	141195	hailaif	=	Ncfp-n	hai.laif	h'ailaif	h a j l a j f
141196	141196	hailaif	=	Ncm--n	hai.laif	h'ailaif	h a j l a j f
141197	141197	hailaif	=	Ncmsvn	hai.laif	h'ailaif	h a j l a j f
141515	141515	haplea	=	Ncms-n	ha.plea	h'aplea	h a p l e_X a
141516	141516	haplea	=	Ncmsry	ha.plea	h'aplea	h a p l e_X a
141572	141572	hard	=	Ncfp-n	hard	hard	h a r d
141573	141573	hard	=	Ncm--n	hard	hard	h a r d
141574	141574	hard	=	Ncmsvn	hard	hard	h a r d
141906	141906	hemitorace	=	Ncfp-n	he.mi.to.ra.ce	hemitor'ace	h e m i t o r a tS e
141907	141907	hemitorace	=	Ncms-n	he.mi.to.ra.ce	hemitor'ace	h e m i t o r a tS e
142015	142015	herțog	=	Ncfp-n	her.țog	h'erțog	h e r ts o g
142016	142016	herțog	=	Ncm--n	her.țog	h'erțog	h e r ts o g
142017	142017	herțog	=	Ncmsvn	her.țog	h'erțog	h e r ts o g
142041	142041	hereford	=	Ncfp-n	he.re.ford	h'ereford	h e r f o r d
142042	142042	hereford	=	Ncm--n	he.re.ford	h'ereford	h e r f o r d
142043	142043	hereford	=	Ncmsvn	he.re.ford	h'ereford	h e r f o r d
142103	142103	hesperornis	=	Ncfp-n	hes.pe.ror.nis	hesper'ornis	h e s p e r o r n i s
142104	142104	hesperornis	=	Ncm--n	hes.pe.ror.nis	hesper'ornis	h e s p e r o r n i s
142105	142105	hesperornis	=	Ncmsvn	hes.pe.ror.nis	hesper'ornis	h e s p e r o r n i s
142601	142601	hidropneumotorax	=	Ncfp-n	hi.drop.ne.u.mo.to.rax	hidropneumotor'ax	h i d r o p n e u m o t o r a ks
142602	142602	hidropneumotorax	=	Ncm--n	hi.drop.ne.u.mo.to.rax	hidropneumotor'ax	h i d r o p n e u m o t o r a ks
142603	142603	hidropneumotorax	=	Ncmsvn	hi.drop.ne.u.mo.to.rax	hidropneumotor'ax	h i d r o p n e u m o t o r a ks
142816	142816	hipernefrom	=	Ncfp-n	hi.per.ne.from	hipernefr'om	h i p e r n e f r o m
142817	142817	hipernefrom	=	Ncm--n	hi.per.ne.from	hipernefr'om	h i p e r n e f r o m
142818	142818	hipernefrom	=	Ncmsvn	hi.per.ne.from	hipernefr'om	h i p e r n e f r o m
143360	143360	hodorogeală	=	Ncfsrn	ho.do.ro.gea.lă	hodoroge'ală	h o d o r o gZ a l @
143361	143361	hodorogeală	=	Ncfsry	ho.do.ro.gea.lă	hodoroge'ală	h o d o r o gZ a l @
143511	143511	holding	=	Nc---n	hol.ding	h'olding	h o l d i n g
143512	143512	holding	=	Ncms-n	hol.ding	h'olding	h o l d i n g
143552	143552	holtei	=	Ncmp-n	hol.tei	holt'ei	h o l t e j
143553	143553	holtei	=	Ncms-n	hol.tei	holt'ei	h o l t e j
143918	143918	hot	=	Ncfp-n	hot	hot	h o t
143919	143919	hot	=	Ncm--n	hot	hot	h o t
143920	143920	hot	=	Ncmsvn	hot	hot	h o t
144487	144487	humerus	=	Ncfp-n	hu.me.rus	h'umerus	h u m e r u s
144488	144488	humerus	=	Ncm--n	hu.me.rus	h'umerus	h u m e r u s
144489	144489	humerus	=	Ncmsvn	hu.me.rus	h'umerus	h u m e r u s
145045	145045	iahting	=	Ncfp-n	iah.ting	i'ahting	j a h t i n g
145046	145046	iahting	=	Ncm--n	iah.ting	i'ahting	j a h t i n g
145047	145047	iahting	=	Ncmsvn	iah.ting	i'ahting	j a h t i n g
145259	145259	iconoclasm	=	Ncfp-n	i.co.no.clasm	iconocl'asm	i k o n o k l a s m
145260	145260	iconoclasm	=	Ncm--n	i.co.no.clasm	iconocl'asm	i k o n o k l a s m
145261	145261	iconoclasm	=	Ncmsvn	i.co.no.clasm	iconocl'asm	i k o n o k l a s m
149685	149685	incub	=	Ncfp-n	in.cub	inc'ub	i n k u b
149686	149686	incub	=	Ncm--n	in.cub	inc'ub	i n k u b
149687	149687	incub	=	Ncmsvn	in.cub	inc'ub	i n k u b
152862	152862	inox	=	Ncfp-n	i.nox	in'ox	i n o ks
152863	152863	inox	=	Ncm--n	i.nox	in'ox	i n o ks
152864	152864	inox	=	Ncmsvn	i.nox	in'ox	i n o ks
152867	152867	input	=	Ncfp-n	in.put	'input	i n p u t
152868	152868	input	=	Ncm--n	in.put	'input	i n p u t
152869	152869	input	=	Ncmsvn	in.put	'input	i n p u t
158997	158997	islam	=	Ncfp-n	is.lam	isl'am	i s l a m
158998	158998	islam	=	Ncm--n	is.lam	isl'am	i s l a m
158999	158999	islam	=	Ncmsvn	is.lam	isl'am	i s l a m
159484	159484	istov	=	Ncfp-n	is.tov	ist'ov	i s t o v
159485	159485	istov	=	Ncm--n	is.tov	ist'ov	i s t o v
159486	159486	istov	=	Ncmsvn	is.tov	ist'ov	i s t o v
159668	159668	iuft	=	Ncfp-n	iuft	iuft	j u f t
159669	159669	iuft	=	Ncm--n	iuft	iuft	j u f t
159670	159670	iuft	=	Ncmsvn	iuft	iuft	j u f t
160305	160305	jale	=	Ncfson	ja.le	j'ale	Z a l e
160306	160306	jale	=	Ncfsrn	ja.le	j'ale	Z a l e
161519	161519	judo	=	Ncfp-n	ju.do	j'udo	Z u d o
161520	161520	judo	=	Ncms-n	ju.do	j'udo	Z u d o
162897	162897	lături	=	Ncfp-n	lă.turi	l'ături	l @ t u r i_0
162898	162898	lături	=	Ncfp-n	lă.turi	lăt'uri	l @ t u r i_0
163147	163147	labrador	=	Ncfp-n	la.bra.dor	labrad'or	l a b r a d o r
163148	163148	labrador	=	Ncm--n	la.bra.dor	labrad'or	l a b r a d o r
163149	163149	labrador	=	Ncmsvn	la.bra.dor	labrad'or	l a b r a d o r
163156	163156	labrum	=	Ncfp-n	la.brum	l'abrum	l a b r u m
163157	163157	labrum	=	Ncm--n	la.brum	l'abrum	l a b r u m
163158	163158	labrum	=	Ncmsvn	la.brum	l'abrum	l a b r u m
163488	163488	lanțug	=	Ncfp-n	lan.țug	lanț'ug	l a n ts u g
163489	163489	lanțug	=	Ncm--n	lan.țug	lanț'ug	l a n ts u g
163490	163490	lanțug	=	Ncmsvn	lan.țug	lanț'ug	l a n ts u g
163530	163530	landras	=	Ncfp-n	lan.dras	l'andras	l a n d r a s
163531	163531	landras	=	Ncm--n	lan.dras	l'andras	l a n d r a s
163532	163532	landras	=	Ncmsvn	lan.dras	l'andras	l a n d r a s
163904	163904	laudanum	=	Ncfp-n	lau.da.num	laud'anum	l a w d a n u m
163905	163905	laudanum	=	Ncm--n	lau.da.num	laud'anum	l a w d a n u m
163906	163906	laudanum	=	Ncmsvn	lau.da.num	laud'anum	l a w d a n u m
165361	165361	lezard	=	Ncfp-n	le.zard	lez'ard	l e z a r d
165362	165362	lezard	=	Ncm--n	le.zard	lez'ard	l e z a r d
165363	165363	lezard	=	Ncmsvn	le.zard	lez'ard	l e z a r d
166561	166561	linters	=	Ncfp-n	lin.ters	l'inters	l i n t e r s
166562	166562	linters	=	Ncm--n	lin.ters	l'inters	l i n t e r s
166563	166563	linters	=	Ncmsvn	lin.ters	l'inters	l i n t e r s
167031	167031	liur	=	Ncfp-n	liur	liur	l j u r
167032	167032	liur	=	Ncm--n	liur	liur	l j u r
167033	167033	liur	=	Ncmsvn	liur	liur	l j u r
168231	168231	lues	=	Ncfp-n	lu.es	l'ues	l u e s
168232	168232	lues	=	Ncm--n	lu.es	l'ues	l u e s
168233	168233	lues	=	Ncmsvn	lu.es	l'ues	l u e s
170365	170365	macrocosm	=	Ncfp-n	ma.cro.cosm	macroc'osm	m a k r o k o s m
170366	170366	macrocosm	=	Ncm--n	ma.cro.cosm	macroc'osm	m a k r o k o s m
170367	170367	macrocosm	=	Ncmsvn	ma.cro.cosm	macroc'osm	m a k r o k o s m
170409	170409	macrosporange	=	Ncms-n	ma.cro.spo.ran.ge	macrospor'ange	m a k r o s p o r a n gZ e
170410	170410	macrosporange	=	Ncmsvy	ma.cro.spo.ran.ge	macrospor'ange	m a k r o s p o r a n gZ e
170745	170745	magnetoflex	=	Ncfp-n	mag.ne.to.flex	magnetofl'ex	m a g n e t o f l e ks
170746	170746	magnetoflex	=	Ncm--n	mag.ne.to.flex	magnetofl'ex	m a g n e t o f l e ks
170747	170747	magnetoflex	=	Ncmsvn	mag.ne.to.flex	magnetofl'ex	m a g n e t o f l e ks
171698	171698	mangleală	=	Ncfsrn	man.glea.lă	mangle'ală	m a n g l e_X a l @
171699	171699	mangleală	=	Ncfsry	man.glea.lă	mangle'ală	m a n g l e_X a l @
172270	172270	marabut	=	Ncfp-n	ma.ra.but	marab'ut	m a r a b u t
172271	172271	marabut	=	Ncm--n	ma.ra.but	marab'ut	m a r a b u t
172272	172272	marabut	=	Ncmsvn	ma.ra.but	marab'ut	m a r a b u t
172661	172661	marijuana	=	Ncfsrn	ma.ri.jua.na	mariju'ana	m a r i Z w a n a
172662	172662	marijuana	=	Ncfsry	ma.ri.jua.na	mariju'ana	m a r i Z w a n a
175577	175577	mereng	=	Ncfp-n	me.reng	mer'eng	m e r e n g
175578	175578	mereng	=	Ncm--n	me.reng	mer'eng	m e r e n g
175579	175579	mereng	=	Ncmsvn	me.reng	mer'eng	m e r e n g
175848	175848	mesohippus	=	Ncfp-n	me.so.hi.ppus	mesoh'ippus	m e s o h i p u s
175849	175849	mesohippus	=	Ncm--n	me.so.hi.ppus	mesoh'ippus	m e s o h i p u s
175850	175850	mesohippus	=	Ncmsvn	me.so.hi.ppus	mesoh'ippus	m e s o h i p u s
176026	176026	metalazbest	=	Ncfp-n	me.tal.az.best	metalazb'est	m e t a l a z b e s t
176027	176027	metalazbest	=	Ncm--n	me.tal.az.best	metalazb'est	m e t a l a z b e s t
176028	176028	metalazbest	=	Ncmsvn	me.tal.az.best	metalazb'est	m e t a l a z b e s t
176211	176211	metatorax	=	Ncfp-n	me.ta.to.rax	metator'ax	m e t a t o r a ks
176212	176212	metatorax	=	Ncm--n	me.ta.to.rax	metator'ax	m e t a t o r a ks
176213	176213	metatorax	=	Ncmsvn	me.ta.to.rax	metator'ax	m e t a t o r a ks
176294	176294	metiloranj	=	Ncfp-n	me.ti.lo.ranj	metilor'anj	m e t i l o r a n Z
176295	176295	metiloranj	=	Ncm--n	me.ti.lo.ranj	metilor'anj	m e t i l o r a n Z
176296	176296	metiloranj	=	Ncmsvn	me.ti.lo.ranj	metilor'anj	m e t i l o r a n Z
176311	176311	metisaj	=	Ncfp-n	me.ti.saj	metis'aj	m e t i s a Z
176312	176312	metisaj	=	Ncm--n	me.ti.saj	metis'aj	m e t i s a Z
176313	176313	metisaj	=	Ncmsvn	me.ti.saj	metis'aj	m e t i s a Z
176867	176867	micro	=	Nc---n	mi.cro	m'icro	m i k r o
176868	176868	micro	=	Ncfp-n	mi.cro	m'icro	m i k r o
176869	176869	micro	=	Ncms-n	mi.cro	m'icro	m i k r o
178213	178213	minigolf	=	Ncfp-n	mi.ni.golf	minig'olf	m i n i g o l f
178214	178214	minigolf	=	Ncm--n	mi.ni.golf	minig'olf	m i n i g o l f
178215	178215	minigolf	=	Ncmsvn	mi.ni.golf	minig'olf	m i n i g o l f
179642	179642	mlecin	=	Ncfp-n	mle.cin	ml'ecin	m l e tS i n
179643	179643	mlecin	=	Ncm--n	mle.cin	ml'ecin	m l e tS i n
179644	179644	mlecin	=	Ncmsvn	mle.cin	ml'ecin	m l e tS i n
180922	180922	moldovenească	=	Ncfsrn	mol.do.ve.neas.că	moldovene'ască	m o l d o v e n e_X a s k @
180923	180923	moldovenească	=	Ncfsvy	mol.do.ve.neas.că	moldovene'ască	m o l d o v e n e_X a s k @
181363	181363	mondiale	=	Ncfp-n	mon.di.a.le	mondi'ale	m o n d i a l e
181364	181364	mondiale	=	Ncfpoy	mon.di.a.le	mondi'ale	m o n d i a l e
182176	182176	morfoleală	=	Ncfsrn	mor.fo.lea.lă	morfole'ală	m o r f o l e_X a l @
182177	182177	morfoleală	=	Ncfsry	mor.fo.lea.lă	morfole'ală	m o r f o l e_X a l @
182852	182852	mușchi	=	Ncmp-n	mușchi	mușchi	m u S k_j
182853	182853	mușchi	=	Ncms-n	mușchi	mușchi	m u S k_j
185646	185646	năhut	=	Ncfp-n	nă.hut	năh'ut	n @ h u t
185647	185647	năhut	=	Ncm--n	nă.hut	năh'ut	n @ h u t
185648	185648	năhut	=	Ncmsvn	nă.hut	năh'ut	n @ h u t
186512	186512	naft	=	Ncfp-n	naft	naft	n a f t
186513	186513	naft	=	Ncm--n	naft	naft	n a f t
186514	186514	naft	=	Ncmsvn	naft	naft	n a f t
186537	186537	naht	=	Ncfp-n	naht	naht	n a h t
186538	186538	naht	=	Ncm--n	naht	naht	n a h t
186539	186539	naht	=	Ncmsvn	naht	naht	n a h t
187300	187300	nea	=	Ncfsrn	nea	nea	n e_X a
187301	187301	nea	=	Ncms-n	nea	nea	n e_X a
196326	196326	neobaroc	=	Ncfp-n	ne.o.ba.roc	neobar'oc	n e o b a r o k
196327	196327	neobaroc	=	Ncm--n	ne.o.ba.roc	neobar'oc	n e o b a r o k
196328	196328	neobaroc	=	Ncmsvn	ne.o.ba.roc	neobar'oc	n e o b a r o k
196383	196383	neocatharsis	=	Ncfp-n	ne.o.ca.thar.sis	neoc'atharsis	n e o k a t a r s i s
196384	196384	neocatharsis	=	Ncm--n	ne.o.ca.thar.sis	neoc'atharsis	n e o k a t a r s i s
196385	196385	neocatharsis	=	Ncmsvn	ne.o.ca.thar.sis	neoc'atharsis	n e o k a t a r s i s
199836	199836	nevrax	=	Ncfp-n	ne.vrax	nevr'ax	n e v r a ks
199837	199837	nevrax	=	Ncm--n	ne.vrax	nevr'ax	n e v r a ks
199838	199838	nevrax	=	Ncmsvn	ne.vrax	nevr'ax	n e v r a ks
200872	200872	nimbostratus	=	Ncfp-n	nim.bo.stra.tus	nimbostr'atus	n i m b o s t r a t u s
200873	200873	nimbostratus	=	Ncm--n	nim.bo.stra.tus	nimbostr'atus	n i m b o s t r a t u s
200874	200874	nimbostratus	=	Ncmsvn	nim.bo.stra.tus	nimbostr'atus	n i m b o s t r a t u s
201030	201030	nirvana	=	Ncf--n	nir.va.na	nirv'ana	n i r v a n a
201031	201031	nirvana	=	Ncfsry	nir.va.na	nirv'ana	n i r v a n a
201059	201059	nistagmus	=	Ncfp-n	nis.tag.mus	nist'agmus	n i s t a g m u s
201060	201060	nistagmus	=	Ncm--n	nis.tag.mus	nist'agmus	n i s t a g m u s
201061	201061	nistagmus	=	Ncmsvn	nis.tag.mus	nist'agmus	n i s t a g m u s
202108	202108	novice	=	Ncf--n	no.vi.ce	nov'ice	n o v i tS e
202109	202109	novice	=	Ncms-n	no.vi.ce	nov'ice	n o v i tS e
205343	205343	oicumena	=	Ncfsrn	oi.cu.me.na	oicum'ena	o j k u m e n a
205344	205344	oicumena	=	Ncfsry	oi.cu.me.na	oicum'ena	o j k u m e n a
205526	205526	olm	=	Ncfp-n	olm	olm	o l m
205527	205527	olm	=	Ncm--n	olm	olm	o l m
205528	205528	olm	=	Ncmsvn	olm	olm	o l m
207446	207446	orc	=	Ncfp-n	orc	orc	o r k
207447	207447	orc	=	Ncm--n	orc	orc	o r k
207448	207448	orc	=	Ncmsvn	orc	orc	o r k
208217	208217	orjad	=	Ncfp-n	or.jad	orj'ad	o r Z a d
208218	208218	orjad	=	Ncm--n	or.jad	orj'ad	o r Z a d
208219	208219	orjad	=	Ncmsvn	or.jad	orj'ad	o r Z a d
209027	209027	otuzbir	=	Ncfp-n	o.tuz.bir	otuzb'ir	o t u z b i r
209028	209028	otuzbir	=	Ncm--n	o.tuz.bir	otuzb'ir	o t u z b i r
209029	209029	otuzbir	=	Ncmsvn	o.tuz.bir	otuzb'ir	o t u z b i r
209059	209059	ovăs	=	Ncfp-n	o.văs	ov'ăs	o v @ s
209060	209060	ovăs	=	Ncm--n	o.văs	ov'ăs	o v @ s
209061	209061	ovăs	=	Ncmsvn	o.văs	ov'ăs	o v @ s
211065	211065	pacfong	=	Ncfp-n	pac.fong	pacf'ong	p a k f o n g
211066	211066	pacfong	=	Ncm--n	pac.fong	pacf'ong	p a k f o n g
211067	211067	pacfong	=	Ncmsvn	pac.fong	pacf'ong	p a k f o n g
211497	211497	paliag	=	Ncfp-n	pa.liag	pali'ag	p a l j a g
211498	211498	paliag	=	Ncm--n	pa.liag	pali'ag	p a l j a g
211499	211499	paliag	=	Ncmsvn	pa.liag	pali'ag	p a l j a g
212733	212733	paralele	=	Ncfp-n	pa.ra.le.le	paral'ele	p a r a l e l e
212734	212734	paralele	=	Ncfson	pa.ra.le.le	paral'ele	p a r a l e l e
212902	212902	paranoia	=	Ncfsrn	pa.ra.no.ia	paran'oia	p a r a n o j a
212903	212903	paranoia	=	Ncfsry	pa.ra.no.ia	paran'oia	p a r a n o j a
215083	215083	peaj	=	Ncfp-n	pe.aj	pe'aj	p e a Z
215084	215084	peaj	=	Ncm--n	pe.aj	pe'aj	p e a Z
215085	215085	peaj	=	Ncmsvn	pe.aj	pe'aj	p e a Z
215634	215634	pemfigus	=	Ncfp-n	pem.fi.gus	p'emfigus	p e m f i g u s
215635	215635	pemfigus	=	Ncm--n	pem.fi.gus	p'emfigus	p e m f i g u s
215636	215636	pemfigus	=	Ncmsvn	pem.fi.gus	p'emfigus	p e m f i g u s
215909	215909	penicillium	=	Ncfp-n	pe.ni.ci.lli.um	penic'illium	p e n i tS i l l i u m
215910	215910	penicillium	=	Ncm--n	pe.ni.ci.lli.um	penic'illium	p e n i tS i l l i u m
215911	215911	penicillium	=	Ncmsvn	pe.ni.ci.lli.um	penic'illium	p e n i tS i l l i u m
217681	217681	pertinax	=	Ncfp-n	per.ti.nax	p'ertinax	p e r t i n a ks
217682	217682	pertinax	=	Ncm--n	per.ti.nax	p'ertinax	p e r t i n a ks
217683	217683	pertinax	=	Ncmsvn	per.ti.nax	p'ertinax	p e r t i n a ks
218369	218369	pezevenchi	=	Ncmp-n	pe.ze.venchi	pezev'enchi	p e z e v e n k_j
218370	218370	pezevenchi	=	Ncms-n	pe.ze.venchi	pezev'enchi	p e z e v e n k_j
220247	220247	pizzicato	=	Ncfp-n	piz.zi.ca.to	pizzic'ato	p j z z i k a t o
220248	220248	pizzicato	=	Ncms-n	piz.zi.ca.to	pizzic'ato	p j z z i k a t o
221642	221642	pleonast	=	Ncfp-n	ple.o.nast	pleon'ast	p l e o n a s t
221643	221643	pleonast	=	Ncm--n	ple.o.nast	pleon'ast	p l e o n a s t
221644	221644	pleonast	=	Ncmsvn	ple.o.nast	pleon'ast	p l e o n a s t
221761	221761	plexiglas	=	Ncfp-n	ple.xi.glas	pl'exiglas	p l e ks i g l a s
221762	221762	plexiglas	=	Ncm--n	ple.xi.glas	pl'exiglas	p l e ks i g l a s
221763	221763	plexiglas	=	Ncmsvn	ple.xi.glas	pl'exiglas	p l e ks i g l a s
222350	222350	plumpox	=	Ncfp-n	plum.pox	pl'umpox	p l u m p o ks
222351	222351	plumpox	=	Ncm--n	plum.pox	pl'umpox	p l u m p o ks
222352	222352	plumpox	=	Ncmsvn	plum.pox	pl'umpox	p l u m p o ks
222670	222670	pneumotorax	=	Ncfp-n	pne.u.mo.to.rax	pneumotor'ax	p n e u m o t o r a ks
222671	222671	pneumotorax	=	Ncm--n	pne.u.mo.to.rax	pneumotor'ax	p n e u m o t o r a ks
222672	222672	pneumotorax	=	Ncmsvn	pne.u.mo.to.rax	pneumotor'ax	p n e u m o t o r a ks
222970	222970	podușcă	=	Ncfsrn	po.duș.că	pod'ușcă	p o d u S k @
222971	222971	podușcă	=	Ncfsvy	po.duș.că	pod'ușcă	p o d u S k @
223620	223620	poliizopren	=	Ncfp-n	po.li.i.zo.pren	poliizopr'en	p o l i i z o p r e n
223621	223621	poliizopren	=	Ncm--n	po.li.i.zo.pren	poliizopr'en	p o l i i z o p r e n
223622	223622	poliizopren	=	Ncmsvn	po.li.i.zo.pren	poliizopr'en	p o l i i z o p r e n
224115	224115	pomeneală	=	Ncfsrn	po.me.nea.lă	pomene'ală	p o m e n e_X a l @
224116	224116	pomeneală	=	Ncfsry	po.me.nea.lă	pomene'ală	p o m e n e_X a l @
224381	224381	ponegreală	=	Ncfsrn	po.ne.grea.lă	ponegre'ală	p o n e g r e_X a l @
224382	224382	ponegreală	=	Ncfsry	po.ne.grea.lă	ponegre'ală	p o n e g r e_X a l @
225092	225092	portavoce	=	Ncfp-n	por.ta.vo.ce	portav'oce	p o r t a v o tS e
225093	225093	portavoce	=	Ncms-n	por.ta.vo.ce	portav'oce	p o r t a v o tS e
226109	226109	poticneală	=	Ncfsrn	po.tic.nea.lă	poticne'ală	p o t i k n e_X a l @
226110	226110	poticneală	=	Ncfsry	po.tic.nea.lă	poticne'ală	p o t i k n e_X a l @
228858	228858	prelarg	=	Ncfp-n	pre.larg	prel'arg	p r e l a r g
228859	228859	prelarg	=	Ncm--n	pre.larg	prel'arg	p r e l a r g
228860	228860	prelarg	=	Ncmsvn	pre.larg	prel'arg	p r e l a r g
228960	228960	preliminarii	=	Ncfp-n	pre.li.mi.na.ri.i	prelimin'arii	p r e l i m i n a r i i
228961	228961	preliminarii	=	Ncfson	pre.li.mi.na.ri.i	prelimin'arii	p r e l i m i n a r i i
229422	229422	prenume	=	Ncfp-n	pre.nu.me	pren'ume	p r e n u m e
229423	229423	prenume	=	Ncms-n	pre.nu.me	pren'ume	p r e n u m e
232359	232359	privegheală	=	Ncfsrn	pri.ve.ghea.lă	priveghe'ală	p r i v e g_j a l @
232360	232360	privegheală	=	Ncfsry	pri.ve.ghea.lă	priveghe'ală	p r i v e g_j a l @
232626	232626	proțăpeală	=	Ncfsrn	pro.ță.pea.lă	proțăpe'ală	p r o ts @ p e_X a l @
232627	232627	proțăpeală	=	Ncfsry	pro.ță.pea.lă	proțăpe'ală	p r o ts @ p e_X a l @
234633	234633	pronume	=	Ncfp-n	pro.nu.me	pron'ume	p r o n u m e
234634	234634	pronume	=	Ncms-n	pro.nu.me	pron'ume	p r o n u m e
234866	234866	propolis	=	Ncfp-n	pro.po.lis	prop'olis	p r o p o l i s
234867	234867	propolis	=	Ncm--n	pro.po.lis	prop'olis	p r o p o l i s
234868	234868	propolis	=	Ncmsvn	pro.po.lis	prop'olis	p r o p o l i s
235255	235255	prosteală	=	Ncfsrn	pros.tea.lă	proste'ală	p r o s t e_X a l @
235256	235256	prosteală	=	Ncfsry	pros.tea.lă	proste'ală	p r o s t e_X a l @
236278	236278	prut	=	Ncfp-n	prut	prut	p r u t
236279	236279	prut	=	Ncm--n	prut	prut	p r u t
236280	236280	prut	=	Ncmsvn	prut	prut	p r u t
236957	236957	puști	=	Ncmp-n	puști	puști	p u S t i_0
236958	236958	puști	=	Ncms-n	puști	puști	p u S t i_0
237277	237277	pudlaj	=	Ncfp-n	pu.dlaj	pudl'aj	p u d l a Z
237278	237278	pudlaj	=	Ncm--n	pu.dlaj	pudl'aj	p u d l a Z
237279	237279	pudlaj	=	Ncmsvn	pu.dlaj	pudl'aj	p u d l a Z
237450	237450	pui	=	Ncmp-n	pui	pui	p u j
237451	237451	pui	=	Ncms-n	pui	pui	p u j
237999	237999	purim	=	Ncfp-n	pu.rim	p'urim	p u r i m
238000	238000	purim	=	Ncm--n	pu.rim	p'urim	p u r i m
238001	238001	purim	=	Ncmsvn	pu.rim	p'urim	p u r i m
238298	238298	putrezeală	=	Ncfsrn	pu.tre.zea.lă	putreze'ală	p u t r e z e_X a l @
238299	238299	putrezeală	=	Ncfsry	pu.tre.zea.lă	putreze'ală	p u t r e z e_X a l @
238518	238518	pântece	=	Ncfp-n	pân.te.ce	p'ântece	p 1 n t e tS e
238519	238519	pântece	=	Ncms-n	pân.te.ce	p'ântece	p 1 n t e tS e
238552	238552	pârțag	=	Ncfp-n	pâr.țag	pârț'ag	p 1 r ts a g
238553	238553	pârțag	=	Ncm--n	pâr.țag	pârț'ag	p 1 r ts a g
238554	238554	pârțag	=	Ncmsvn	pâr.țag	pârț'ag	p 1 r ts a g
239694	239694	rărunchi	=	Ncmp-n	ră.runchi	răr'unchi	r @ r u n k_j
239695	239695	rărunchi	=	Ncms-n	ră.runchi	răr'unchi	r @ r u n k_j
241931	241931	radiofosfor	=	Ncfp-n	ra.di.o.fos.for	radiof'osfor	r a d i o f o s f o r
241932	241932	radiofosfor	=	Ncm--n	ra.di.o.fos.for	radiof'osfor	r a d i o f o s f o r
241933	241933	radiofosfor	=	Ncmsvn	ra.di.o.fos.for	radiof'osfor	r a d i o f o s f o r
242305	242305	radon	=	Ncfp-n	ra.don	rad'on	r a d o n
242306	242306	radon	=	Ncm--n	ra.don	rad'on	r a d o n
242307	242307	radon	=	Ncmsvn	ra.don	rad'on	r a d o n
242958	242958	rast	=	Ncfp-n	rast	rast	r a s t
242959	242959	rast	=	Ncm--n	rast	rast	r a s t
242960	242960	rast	=	Ncmsvn	rast	rast	r a s t
250118	250118	remf	=	Ncfp-n	remf	remf	r e m f
250119	250119	remf	=	Ncm--n	remf	remf	r e m f
250120	250120	remf	=	Ncmsvn	remf	remf	r e m f
250676	250676	renume	=	Ncfp-n	re.nu.me	ren'ume	r e n u m e
250677	250677	renume	=	Ncms-n	re.nu.me	ren'ume	r e n u m e
256462	256462	rinichi	=	Ncmp-n	ri.nichi	rin'ichi	r i n i k_j
256463	256463	rinichi	=	Ncms-n	ri.nichi	rin'ichi	r i n i k_j
258908	258908	rusalii	=	Ncfp-n	ru.sa.lii	rus'alii	r u s a l i j
258909	258909	rusalii	=	Ncfson	ru.sa.lii	rus'alii	r u s a l i j
261263	261263	salvamont	=	Ncfp-n	sal.va.mont	salvam'ont	s a l v a m o n t
261264	261264	salvamont	=	Ncm--n	sal.va.mont	salvam'ont	s a l v a m o n t
261265	261265	salvamont	=	Ncmsvn	sal.va.mont	salvam'ont	s a l v a m o n t
261408	261408	samurai	=	Ncmp-n	sa.mu.rai	samur'ai	s a m u r a j
261409	261409	samurai	=	Ncms-n	sa.mu.rai	samur'ai	s a m u r a j
262001	262001	saturn	=	Ncfp-n	sa.turn	sat'urn	s a t u r n
262002	262002	saturn	=	Ncm--n	sa.turn	sat'urn	s a t u r n
262003	262003	saturn	=	Ncmsvn	sa.turn	sat'urn	s a t u r n
262386	262386	scai	=	Ncmp-n	scai	scai	s k a j
262387	262387	scai	=	Ncms-n	scai	scai	s k a j
265562	265562	secui	=	Ncmp-n	se.cui	sec'ui	s e k u j
265563	265563	secui	=	Ncms-n	se.cui	sec'ui	s e k u j
266473	266473	semifond	=	Ncfp-n	se.mi.fond	semif'ond	s e m i f o n d
266474	266474	semifond	=	Ncm--n	se.mi.fond	semif'ond	s e m i f o n d
266475	266475	semifond	=	Ncmsvn	se.mi.fond	semif'ond	s e m i f o n d
268396	268396	sfinghe	=	Ncms-n	sfin.ghe	sf'inghe	s f i n g_j e
268397	268397	sfinghe	=	Ncmsvy	sfin.ghe	sf'inghe	s f i n g_j e
269327	269327	silențium	=	Ncfp-n	si.len.ți.um	sil'ențium	s i l e n ts i u m
269328	269328	silențium	=	Ncm--n	si.len.ți.um	sil'ențium	s i l e n ts i u m
269329	269329	silențium	=	Ncmsvn	si.len.ți.um	sil'ențium	s i l e n ts i u m
269650	269650	sima	=	Ncfsrn	si.ma	s'ima	s i m a
269651	269651	sima	=	Ncfsry	si.ma	s'ima	s i m a
270812	270812	sirocco	=	Ncfp-n	si.ro.cco	sir'occo	s i r o k o
270813	270813	sirocco	=	Ncms-n	si.ro.cco	sir'occo	s i r o k o
271326	271326	slap	=	Ncfp-n	slap	slap	s l a p
271327	271327	slap	=	Ncm--n	slap	slap	s l a p
271328	271328	slap	=	Ncmsvn	slap	slap	s l a p
272770	272770	soft	=	Ncfp-n	soft	soft	s o f t
272771	272771	soft	=	Ncm--n	soft	soft	s o f t
272772	272772	soft	=	Ncmsvn	soft	soft	s o f t
273605	273605	sorg	=	Ncfp-n	sorg	sorg	s o r g
273606	273606	sorg	=	Ncm--n	sorg	sorg	s o r g
273607	273607	sorg	=	Ncmsvn	sorg	sorg	s o r g
274251	274251	spate	=	Ncfp-n	spa.te	sp'ate	s p a t e
274252	274252	spate	=	Ncms-n	spa.te	sp'ate	s p a t e
283269	283269	sunna	=	Ncfsrn	sun.na	s'unna	s u n n a
283270	283270	sunna	=	Ncfsry	sun.na	s'unna	s u n n a
287296	287296	table	=	Ncfp-n	ta.ble	t'able	t a b l e
287297	287297	table	=	Ncfson	ta.ble	t'able	t a b l e
287692	287692	talc	=	Ncfp-n	talc	talc	t a l k
287693	287693	talc	=	Ncm--n	talc	talc	t a l k
287694	287694	talc	=	Ncmsvn	talc	talc	t a l k
287874	287874	tanăt	=	Ncfp-n	ta.năt	tan'ăt	t a n @ t
287875	287875	tanăt	=	Ncm--n	ta.năt	tan'ăt	t a n @ t
287876	287876	tanăt	=	Ncmsvn	ta.năt	tan'ăt	t a n @ t
288305	288305	tatu	=	Ncfp-n	ta.tu	tat'u	t a t u
288306	288306	tatu	=	Ncm--n	ta.tu	tat'u	t a t u
288307	288307	tatu	=	Ncmsvn	ta.tu	tat'u	t a t u
288645	288645	teflon	=	Ncfp-n	te.flon	tefl'on	t e f l o n
288646	288646	teflon	=	Ncm--n	te.flon	tefl'on	t e f l o n
288647	288647	teflon	=	Ncmsvn	te.flon	tefl'on	t e f l o n
289015	289015	telegnozis	=	Ncfp-n	te.leg.no.zis	telegn'ozis	t e l e g n o z i s
289016	289016	telegnozis	=	Ncm--n	te.leg.no.zis	telegn'ozis	t e l e g n o z i s
289017	289017	telegnozis	=	Ncmsvn	te.leg.no.zis	telegn'ozis	t e l e g n o z i s
289074	289074	telerecording	=	Ncfp-n	te.le.re.cor.ding	telerec'ording	t e l e r e k o r d i n g
289075	289075	telerecording	=	Ncm--n	te.le.re.cor.ding	telerec'ording	t e l e r e k o r d i n g
289076	289076	telerecording	=	Ncmsvn	te.le.re.cor.ding	telerec'ording	t e l e r e k o r d i n g
289138	289138	teletax	=	Ncfp-n	te.le.tax	telet'ax	t e l e t a ks
289139	289139	teletax	=	Ncm--n	te.le.tax	telet'ax	t e l e t a ks
289140	289140	teletax	=	Ncmsvn	te.le.tax	telet'ax	t e l e t a ks
289372	289372	tempera	=	Ncfsrn	tem.pe.ra	t'empera	t e m p e r a
289373	289373	tempera	=	Ncfsry	tem.pe.ra	t'empera	t e m p e r a
290663	290663	terraforming	=	Ncfp-n	te.rra.for.ming	terraf'orming	t e r r a f o r m i n g
290664	290664	terraforming	=	Ncm--n	te.rra.for.ming	terraf'orming	t e r r a f o r m i n g
290665	290665	terraforming	=	Ncmsvn	te.rra.for.ming	terraf'orming	t e r r a f o r m i n g
290803	290803	tetrahidrobenzen	=	Ncfp-n	te.tra.hi.dro.ben.zen	tetrahidrobenz'en	t e t r a h i d r o b e n z e n
290804	290804	tetrahidrobenzen	=	Ncm--n	te.tra.hi.dro.ben.zen	tetrahidrobenz'en	t e t r a h i d r o b e n z e n
290805	290805	tetrahidrobenzen	=	Ncmsvn	te.tra.hi.dro.ben.zen	tetrahidrobenz'en	t e t r a h i d r o b e n z e n
290855	290855	texoprint	=	Ncfp-n	te.xo.print	texopr'int	t e ks o p r i n t
290856	290856	texoprint	=	Ncm--n	te.xo.print	texopr'int	t e ks o p r i n t
290857	290857	texoprint	=	Ncmsvn	te.xo.print	texopr'int	t e ks o p r i n t
290867	290867	textile	=	Ncfp-n	tex.ti.le	text'ile	t e ks t i l e
290868	290868	textile	=	Ncfson	tex.ti.le	text'ile	t e ks t i l e
292442	292442	toluen	=	Ncfp-n	to.lu.en	tolu'en	t o l u e n
292443	292443	toluen	=	Ncm--n	to.lu.en	tolu'en	t o l u e n
292444	292444	toluen	=	Ncmsvn	to.lu.en	tolu'en	t o l u e n
292747	292747	torace	=	Ncfp-n	to.ra.ce	tor'ace	t o r a tS e
292748	292748	torace	=	Ncms-n	to.ra.ce	tor'ace	t o r a tS e
294869	294869	transtrav	=	Ncfp-n	tran.strav	transtr'av	t r a n s t r a v
294870	294870	transtrav	=	Ncm--n	tran.strav	transtr'av	t r a n s t r a v
294871	294871	transtrav	=	Ncmsvn	tran.strav	transtr'av	t r a n s t r a v
296168	296168	triclinium	=	Ncfp-n	tri.cli.ni.um	tricl'inium	t r i k l i n i u m
296169	296169	triclinium	=	Ncm--n	tri.cli.ni.um	tricl'inium	t r i k l i n i u m
296170	296170	triclinium	=	Ncmsvn	tri.cli.ni.um	tricl'inium	t r i k l i n i u m
299180	299180	târâș	=	Ncfp-n	tâ.râș	târ'âș	t 1 r 1 S
299181	299181	târâș	=	Ncm--n	tâ.râș	târ'âș	t 1 r 1 S
299182	299182	târâș	=	Ncmsvn	tâ.râș	târ'âș	t 1 r 1 S
300587	300587	umlaut	=	Ncfp-n	um.laut	'umlaut	u m l a w t
300588	300588	umlaut	=	Ncm--n	um.laut	'umlaut	u m l a w t
300589	300589	umlaut	=	Ncmsvn	um.laut	'umlaut	u m l a w t
300715	300715	unchi	=	Ncmp-n	unchi	unchi	u n k_j
300716	300716	unchi	=	Ncms-n	unchi	unchi	u n k_j
300769	300769	undelemn	=	Ncfp-n	un.de.lemn	undel'emn	u n d e l e m n
300770	300770	undelemn	=	Ncm--n	un.de.lemn	undel'emn	u n d e l e m n
300771	300771	undelemn	=	Ncmsvn	un.de.lemn	undel'emn	u n d e l e m n
300924	300924	ungurească	=	Ncfsrn	un.gu.reas.că	ungure'ască	u n g u r e_X a s k @
300925	300925	ungurească	=	Ncfsvy	un.gu.reas.că	ungure'ască	u n g u r e_X a s k @
303753	303753	valdrap	=	Ncfp-n	val.drap	valdr'ap	v a l d r a p
303754	303754	valdrap	=	Ncm--n	val.drap	valdr'ap	v a l d r a p
303755	303755	valdrap	=	Ncmsvn	val.drap	valdr'ap	v a l d r a p
304397	304397	vasilisc	=	Ncfp-n	va.si.lisc	vasil'isc	v a s i l i s k
304398	304398	vasilisc	=	Ncm--n	va.si.lisc	vasil'isc	v a s i l i s k
304399	304399	vasilisc	=	Ncmsvn	va.si.lisc	vasil'isc	v a s i l i s k
305296	305296	verbiaj	=	Ncfp-n	ver.bi.aj	verbi'aj	v e r b i a Z
305297	305297	verbiaj	=	Ncm--n	ver.bi.aj	verbi'aj	v e r b i a Z
305298	305298	verbiaj	=	Ncmsvn	ver.bi.aj	verbi'aj	v e r b i a Z
306961	306961	vinograd	=	Ncfp-n	vi.no.grad	vinogr'ad	v i n o g r a d
306962	306962	vinograd	=	Ncm--n	vi.no.grad	vinogr'ad	v i n o g r a d
306963	306963	vinograd	=	Ncmsvn	vi.no.grad	vinogr'ad	v i n o g r a d
309017	309017	vraci	=	Ncmp-n	vraci	vraci	v r a tS
309018	309018	vraci	=	Ncms-n	vraci	vraci	v r a tS
309665	309665	vânj	=	Ncfp-n	vânj	vânj	v 1 n Z
309666	309666	vânj	=	Ncm--n	vânj	vânj	v 1 n Z
309667	309667	vânj	=	Ncmsvn	vânj	vânj	v 1 n Z
310840	310840	zaiflâc	=	Ncfp-n	za.i.flâc	zaifl'âc	z a i f l 1 k
310841	310841	zaiflâc	=	Ncm--n	za.i.flâc	zaifl'âc	z a i f l 1 k
310842	310842	zaiflâc	=	Ncmsvn	za.i.flâc	zaifl'âc	z a i f l 1 k
310911	310911	zapt	=	Ncfp-n	zapt	zapt	z a p t
310912	310912	zapt	=	Ncm--n	zapt	zapt	z a p t
310913	310913	zapt	=	Ncmsvn	zapt	zapt	z a p t
311104	311104	zbeg	=	Ncfp-n	zbeg	zbeg	z b e g
311105	311105	zbeg	=	Ncm--n	zbeg	zbeg	z b e g
311106	311106	zbeg	=	Ncmsvn	zbeg	zbeg	z b e g
311901	311901	zdruncen	=	Ncfp-n	zdrun.cen	zdr'uncen	z d r u n tS e n
311902	311902	zdruncen	=	Ncm--n	zdrun.cen	zdr'uncen	z d r u n tS e n
311903	311903	zdruncen	=	Ncmsvn	zdrun.cen	zdr'uncen	z d r u n tS e n
312083	312083	zerdiceaf	=	Ncfp-n	zer.di.ceaf	zerdice'af	z e r d i tS a f
312084	312084	zerdiceaf	=	Ncm--n	zer.di.ceaf	zerdice'af	z e r d i tS a f
312085	312085	zerdiceaf	=	Ncmsvn	zer.di.ceaf	zerdice'af	z e r d i tS a f
312858	312858	zingăt	=	Ncfp-n	zin.găt	z'ingăt	z i n g @ t
312859	312859	zingăt	=	Ncm--n	zin.găt	z'ingăt	z i n g @ t
312860	312860	zingăt	=	Ncmsvn	zin.găt	z'ingăt	z i n g @ t
313079	313079	zona	=	Ncfsrn	zo.na	z'ona	z o n a
313080	313080	zona	=	Ncfsry	zo.na	z'ona	z o n a
313156	313156	zori	=	Ncfp-n	zori	zori	z o r i_0
313157	313157	zori	=	Ncmp-n	zori	zori	z o r i_0
314406	314406	îmbrobodeală	=	Ncfsrn	îm.bro.bo.dea.lă	îmbrobode'ală	1 m b r o b o d e_X a l @
314407	314407	îmbrobodeală	=	Ncfsry	îm.bro.bo.dea.lă	îmbrobode'ală	1 m b r o b o d e_X a l @
314417	314417	îmbrânceală	=	Ncfsrn	îm.brân.cea.lă	îmbrânce'ală	1 m b r 1 n tS 
314418	314418	îmbrânceală	=	Ncfsry	îm.brân.cea.lă	îmbrânce'ală	1 m b r 1 n tS 
315634	315634	împotriveală	=	Ncfsrn	îm.po.tri.vea.lă	împotrive'ală	1 m p o t r i v e_X a l @
315635	315635	împotriveală	=	Ncfsry	îm.po.tri.vea.lă	împotrive'ală	1 m p o t r i v e_X a l @
316533	316533	înăcreală	=	Ncfsrn	î.nă.crea.lă	înăcre'ală	1 n @ k r e_X a l @
316534	316534	înăcreală	=	Ncfsry	î.nă.crea.lă	înăcre'ală	1 n @ k r e_X a l @
317195	317195	înțepeneală	=	Ncfsrn	în.țe.pe.nea.lă	înțepene'ală	1 n ts e p e n e_X a l @
317196	317196	înțepeneală	=	Ncfsry	în.țe.pe.nea.lă	înțepene'ală	1 n ts e p e n e_X a l @
319112	319112	încolăceală	=	Ncfsrn	în.co.lă.cea.lă	încolăce'ală	1 n k o l @ tS a l @
319113	319113	încolăceală	=	Ncfsry	în.co.lă.cea.lă	încolăce'ală	1 n k o l @ tS a l @
