	Unnamed: 0	INDEX	form	lemma	xpos	syllables	stress	phon
408	839	839	șerpoaicei	șerpoaică	Ncfsoy	șer.poai.cei	șerpo'aicei	S e r p o_X a i tS e j
1053	2039	2039	șoricioaico	șoricioaică	Ncfsvy	șo.ri.cioai.co	șoricio'aico	S o r i tS o_X a i k o
1484	2794	2794	știubeiașule	știubeiaș	Ncmsvy	știu.be.ia.șu.le	știubei'așule	S t j u b e i a S u l e
1685	3225	3225	șvăboaicei	șvăboaică	Ncfsoy	șvă.boai.cei	șvăbo'aicei	S v @ b o_X a i tS e j
1816	3461	3461	țărni	țarnă	Ncfp-n	țăr.ni	ț'ărni	ts @ r n j
1817	3462	3462	țărni	țarnă	Ncfson	țăr.ni	ț'ărni	ts @ r n j
1975	3723	3723	țevi	țeavă	Ncfp-n	țe.vi	ț'evi	ts e v i_0
1976	3724	3724	țevi	țeavă	Ncfson	țe.vi	ț'evi	ts e v i_0
2220	4251	4251	țușcovi	țușcov	Ncmp-n	țuș.co.vi	țușc'ovi	ts u S k o v i_0
2851	19200	19200	academiei	academie	Ncfsoy	a.ca.de.mi.e.i	academ'iei	a k a d e m i e j
4757	25415	25415	alămâii	alămâie	Ncfsoy	a.lă.mâ.ii	alăm'âii	a l @ m 1 j j
5314	27096	27096	alocuțiune	=	Ncfsrn	a.lo.cu.țiu.ne	alocuți'une	a l o k u ts i u n e
7862	34965	34965	arăboaicei	arăboaică	Ncfsoy	a.ră.boai.cei	arăbo'aicei	a r @ b o_X a i tS e j
7887	35015	35015	arăpoaicei	arăpoaică	Ncfsoy	a.ră.poai.cei	arăpo'aicei	a r @ p o_X a i tS e j
8138	35691	35691	arendășoaicei	arendășoaică	Ncfsoy	a.ren.dă.șoai.cei	arendășo'aicei	a r e n d @ S o_X a i tS e j
9068	38298	38298	asmațuchi	=	Ncm--n	as.ma.țu.chi	asmaț'uchi	a s m a ts u k_j
9081	38348	38348	asociațiilor	asociație	Ncfpoy	a.so.ci.a.ți.i.lor	asoci'ațiilor	a s o tS i a ts i j l o r
10667	43179	43179	avi	avă	Ncmp-n	a.vi	'avi	a v i_0
11373	45000	45000	bacteriei	bacterie	Ncfsoy	bac.te.ri.e.i	bact'eriei	b a k t e r i e j
11521	45324	45324	balamao	balama	Ncfsvy	ba.la.mao	balam'ao	b a l a m a o
13303	49381	49381	blitz	=	Ncfp-n	blitz	bl'itz	b l j t z
13304	49382	49382	blitz	=	Ncm--n	blitz	bl'itz	b l j t z
13305	49383	49383	blitz	=	Ncmsvn	blitz	bl'itz	b l j t z
13306	49384	49384	blitzul	blitz	Ncmsry	bli.tzul	bl'itzul	b l j t z u l
13307	49385	49385	blitzului	blitz	Ncmsoy	bli.tzu.lui	bl'itzului	b l j t z u l u j
13308	49386	49386	blitzuri	blitz	Ncfp-n	bli.tzuri	bl'itzuri	b l j t z u r i_0
13309	49387	49387	blitzurile	blitz	Ncfpry	bli.tzu.ri.le	bl'itzurile	b l j t z u r i l e
13310	49388	49388	blitzurilor	blitz	Ncfpoy	bli.tzu.ri.lor	bl'itzurilor	b l j t z u r i l o r
13682	50002	50002	boiaua	boia	Ncfsry	bo.ia.u.a	boi'aua	b o i a u a
14468	51750	51750	brioul	brio	Ncmsry	bri.o.ul	br'ioul	b r i o w l
14708	52411	52411	brâuri	brâu	Ncfp-n	brâ.uri	br'âuri	b r 1 w r i_0
15018	53277	53277	bulgăroaicei	bulgăroaică	Ncfsoy	bul.gă.roai.cei	bulgăro'aicei	b u l g @ r o_X a i tS e j
15706	54873	54873	călăuzi	călăuz	Ncmp-n	că.lă.u.zi	călăuz'i	k @ l @ u z i_0
15738	54975	54975	călcâiului	călcâi	Ncmsoy	căl.câi.u.lui	călc'âiului	k @ l k 1 i u l u j
15914	55386	55386	căpătâiului	căpătâi	Ncmsoy	că.pă.tâi.u.lui	căpăt'âiului	k @ p @ t 1 i u l u j
16370	56351	56351	cacauei	cacao	Ncfsoy	ca.ca.uei	cac'auei	k a k a u e j
16371	56352	56352	cacauei	cacauă	Ncfsoy	ca.ca.uei	cac'auei	k a k a u e j
16379	56360	56360	cacealmao	cacealma	Ncfsvy	ca.ceal.mao	cacealm'ao	k a tS a l m a o
16542	56639	56639	caiaua	caia	Ncfsry	ca.ia.u.a	cai'aua	k a i a u a
18667	61017	61017	ceainăriile	ceainărie	Ncfpry	ceai.nă.ri.i.le	ceainăr'iile	tS a j n @ r i j l e
18668	61018	61018	ceainăriilor	ceainărie	Ncfpoy	ceai.nă.ri.i.lor	ceainăr'iilor	tS a j n @ r i j l o r
18837	61316	61316	cehoaicei	cehoaică	Ncfsoy	ce.hoai.cei	ceho'aicei	tS e h o_X a i tS e j
18840	61319	61319	cehoaico	cehoaică	Ncfsvy	ce.hoai.co	ceho'aico	tS e h o_X a i k o
19181	62377	62377	cerealo	cereală	Ncfsvy	ce.re.a.lo	cere'alo	tS e r e_X a l o
19196	62432	62432	ceremonialule	ceremonial	Ncmsvy	ce.re.mo.nia.lu.le	ceremoni'alule	tS e r e m o n i a l u l e
19360	62962	62962	ceucuță	=	Ncfsrn	ceu.cu.ță	ceuc'uță	tS e u k u ts @
19832	63966	63966	chineziterapeuți	chineziterapeut	Ncmp-n	chi.ne.zi.te.ra.pe.uți	chineziterape'uți	k_j i n e z i_0 t e r a p e u ts i_0
19839	63974	63974	chinezoaicei	chinezoaică	Ncfsoy	chi.ne.zoai.cei	chinezo'aicei	k_j i n e z o_X a i tS e j
19924	64157	64157	chiote	chiot	Ncfp-n	chi.o.te	ch'iote	k_j j o t e
19925	64158	64158	chiotele	chiot	Ncfpry	chi.o.te.le	ch'iotele	k_j j o t e l e
19926	64159	64159	chiotelor	chiot	Ncfpoy	chi.o.te.lor	ch'iotelor	k_j j o t e l o r
19927	64160	64160	chiotul	chiot	Ncmsry	chi.o.tul	ch'iotul	k_j j o t u l
19929	64162	64162	chiotului	chiot	Ncmsoy	chi.o.tu.lui	ch'iotului	k_j j o t u l u j
20053	64495	64495	chiulul	chiul	Ncmsry	chiu.lul	chi'ulul	k_j w l u l
20054	64496	64496	chiulului	chiul	Ncmsoy	chiu.lu.lui	chi'ulului	k_j w l u l u j
20055	64497	64497	chiuluri	chiul	Ncfp-n	chiu.luri	chi'uluri	k_j w l u r i_0
20056	64498	64498	chiulurile	chiul	Ncfpry	chiu.lu.ri.le	chi'ulurile	k_j w l u r i l e
20057	64499	64499	chiulurilor	chiul	Ncfpoy	chiu.lu.ri.lor	chi'ulurilor	k_j w l u r i l o r
20493	65425	65425	ciocoaica	ciocoaică	Ncfsry	cio.coai.ca	cioco'aica	tS o k o_X a i k a
20494	65426	65426	ciocoaice	ciocoaică	Ncfp-n	cio.coai.ce	cioco'aice	tS o k o_X a i tS e
20495	65427	65427	ciocoaice	ciocoaică	Ncfson	cio.coai.ce	cioco'aice	tS o k o_X a i tS e
20496	65428	65428	ciocoaicei	ciocoaică	Ncfsoy	cio.coai.cei	cioco'aicei	tS o k o_X a i tS e j
20497	65429	65429	ciocoaicele	ciocoaică	Ncfpry	cio.coai.ce.le	cioco'aicele	tS o k o_X a i tS e l e
20498	65430	65430	ciocoaicelor	ciocoaică	Ncfpoy	cio.coai.ce.lor	cioco'aicelor	tS o k o_X a i tS e l o r
20499	65431	65431	ciocoaico	ciocoaică	Ncfsvy	cio.coai.co	cioco'aico	tS o k o_X a i k o
20500	65432	65432	ciocoaică	=	Ncfsrn	cio.coai.că	cioco'aică	tS o k o_X a i k @
20533	65477	65477	ciocârliile	ciocârlie	Ncfpry	cio.câr.li.i.le	ciocârl'iile	tS o k 1 r l i j l e
20534	65478	65478	ciocârliilor	ciocârlie	Ncfpoy	cio.câr.li.i.lor	ciocârl'iilor	tS o k 1 r l i j l o r
20535	65479	65479	ciocârlio	ciocârlie	Ncfsvy	cio.câr.lio	ciocârl'io	tS o k 1 r l i o
20703	65917	65917	circumscripțiile	circumscripție	Ncfpry	cir.cum.scrip.ți.i.le	circumscr'ipțiile	tS i r k u m s k r i p ts i j l e
20704	65918	65918	circumscripțiilor	circumscripție	Ncfpoy	cir.cum.scrip.ți.i.lor	circumscr'ipțiilor	tS i r k u m s k r i p ts i j l o r
20856	66290	66290	ciubeică	=	Ncfsrn	ciu.bei.că	ciub'eică	tS u b e i k @
20927	66402	66402	ciumpeiul	ciumpei	Ncmsry	ci.um.pe.iul	ciump'eiul	tS u m p e j u l
20928	66403	66403	ciumpeiului	ciumpei	Ncmsoy	ci.um.pe.iu.lui	ciump'eiului	tS u m p e j u l u j
20941	66416	66416	ciumăfăi	ciumăfaie	Ncfp-n	ciu.mă.făi	ciumăf'ăi	tS u m @ f @ i
20942	66417	66417	ciumăfăi	ciumăfaie	Ncfson	ciu.mă.făi	ciumăf'ăi	tS u m @ f @ i
22334	69599	69599	cofrări	cofrare	Ncfp-n	co.fră.ri	cofr'ări	k o f r @ r i_0
22335	69600	69600	cofrări	cofrare	Ncfson	co.fră.ri	cofr'ări	k o f r @ r i_0
23358	72309	72309	complicației	complicație	Ncfsoy	com.pli.ca.ți.e.i	complic'ației	k o m p l i k a ts i e j
23779	73683	73683	concesiune	=	Ncfsrn	con.ce.siu.ne	concesi'une	k o n tS e s i u n e
23780	73684	73684	concesiunea	concesiune	Ncfsry	con.ce.siu.nea	concesi'unea	k o n tS e s i u n e_X a
23782	73686	73686	concesiuni	concesiune	Ncfp-n	con.ce.siuni	concesi'uni	k o n tS e s i u n i_0
23783	73687	73687	concesiuni	concesiune	Ncfson	con.ce.siuni	concesi'uni	k o n tS e s i u n i_0
23784	73688	73688	concesiunii	concesiune	Ncfsoy	con.ce.siu.nii	concesi'unii	k o n tS e s i u n i j
23785	73689	73689	concesiunile	concesiune	Ncfpry	con.ce.siu.ni.le	concesi'unile	k o n tS e s i u n i l e
23786	73690	73690	concesiunilor	concesiune	Ncfpoy	con.ce.siu.ni.lor	concesi'unilor	k o n tS e s i u n i l o r
25189	78535	78535	contraexemplu	contraexemplu	Ncms-n	con.tra.e.x.em.plu	contraex'emplu	k o n t r a e gz . e m p l u
25190	78536	78536	contraexemplul	contraexemplu	Ncmsry	con.tra.e.x.em.plul	contraex'emplul	k o n t r a e gz . e m p l u l
25603	79879	79879	convoiurile	convoi	Ncfpry	con.voiu.ri.le	conv'oiurile	k o n v o j u r i l e
25604	79880	79880	convoiurilor	convoi	Ncfpoy	con.voiu.ri.lor	conv'oiurilor	k o n v o j u r i l o r
27003	83324	83324	crenvurști	crenvurșt	Ncmp-n	cren.vur.ști	cr'envurști	k r e n v u r S t j
27830	85426	85426	cuini	cuine	Ncfp-n	cu.i.ni	c'uini	k u i n i_0
27831	85427	85427	cuini	cuine	Ncfson	cu.i.ni	c'uini	k u i n i_0
27832	85428	85428	cuini	cuină	Ncfp-n	cu.i.ni	c'uini	k u i n i_0
27833	85429	85429	cuini	cuină	Ncfson	cu.i.ni	c'uini	k u i n i_0
28720	88025	88025	câini	câine	Ncmp-n	câ.ini	c'âini	k 1 j n i_0
28864	88288	88288	cârcăiaci	cârcăiac	Ncmp-n	câr.că.iac.i	cârcăi'aci	k 1 r k @ j a tS .
28895	88319	88319	cârji	cârjă	Ncfp-n	cârji	c'ârji	k 1 r Z i
28896	88320	88320	cârji	cârjă	Ncfson	cârji	c'ârji	k 1 r Z i
28971	88522	88522	cârâii	câră	Ncfsoy	câ.râ.ii	cârâ'ii	k 1 r 1 j j
31079	96853	96853	derbi	=	Ncms-n	der.bi	d'erbi	d e r b j
31493	99150	99150	desfrâuri	desfrâu	Ncfp-n	des.frâ.uri	desfr'âuri	d e s f r 1 w r i_0
31519	99335	99335	designule	design	Ncmsvy	de.sig.nu.le	des'ignule	d i z a i n u l e
33340	107176	107176	disproporției	disproporție	Ncfsoy	dis.pro.por.ți.e.i	disprop'orției	d i s p r o p o r ts i e j
33390	107550	107550	distorsiune	=	Ncfsrn	dis.tor.siu.ne	distorsi'une	d i s t o r s i u n e
33664	108502	108502	djurstvele	djurstvă	Ncfpry	djur.st.ve.le	dj'urstvele	d Z u r s t v e l e
33665	108503	108503	djurstvelor	djurstvă	Ncfpoy	djur.st.ve.lor	dj'urstvelor	d Z u r s t v e l o r
33666	108504	108504	djurstvă	=	Ncfsrn	djur.st.vă	dj'urstvă	d Z u r s t v @
34913	111918	111918	duoul	duo	Ncmsry	du.o.ul	du'oul	d u o w l
34915	111920	111920	duouri	duo	Ncfp-n	du.o.uri	du'ouri	d u o w r i_0
35622	113834	113834	efuziune	=	Ncfsrn	e.fu.ziu.ne	efuzi'une	e f u z i u n e
36400	116108	116108	englezoaicei	englezoaică	Ncfsoy	en.gle.zoai.cei	englezo'aicei	e n g l e z o_X a i tS e j
37023	117673	117673	estimări	estimare	Ncfp-n	es.ti.mări	estim'ări	je s t i m @ r i_0
37024	117674	117674	estimări	estimare	Ncfson	es.ti.mări	estim'ări	je s t i m @ r i_0
37029	117684	117684	estimare	=	Ncfsrn	es.ti.ma.re	estim'are	je s t i m a r e
37467	118828	118828	evi	ev	Ncmp-n	e.vi	'evi	e v i_0
39315	125612	125612	ferestuicii	ferestuică	Ncfsoy	fe.res.tu.i.cii	ferest'uicii	f e r e s t u j tS i j
40347	128063	128063	flacări	flacără	Ncfp-n	fla.că.ri	fl'acări	f l a k @ r i_0
40348	128064	128064	flacări	flacără	Ncfson	fla.că.ri	fl'acări	f l a k @ r i_0
41360	131148	131148	franțuzoaicei	franțuzoaică	Ncfsoy	fran.țu.zoai.cei	franțuzo'aicei	f r a n ts u z o_X a i tS e j
41466	131475	131475	frazeologia	frazeologie	Ncfsry	fra.ze.o.lo.gi.a	frazeolog'ia	f r a z e_X o l o gZ i a
41468	131477	131477	frazeologiei	frazeologie	Ncfsoy	fra.ze.o.lo.gi.ei	frazeolog'iei	f r a z e_X o l o gZ i e j
41469	131478	131478	frazeologii	frazeologie	Ncfp-n	fra.ze.o.lo.gii	frazeolog'ii	f r a z e_X o l o gZ i j
41470	131479	131479	frazeologii	frazeologie	Ncfson	fra.ze.o.lo.gii	frazeolog'ii	f r a z e_X o l o gZ i j
41471	131480	131480	frazeologiile	frazeologie	Ncfpry	fra.ze.o.lo.gi.i.le	frazeolog'iile	f r a z e_X o l o gZ i i l e
41472	131481	131481	frazeologiilor	frazeologie	Ncfpoy	fra.ze.o.lo.gi.i.lor	frazeolog'iilor	f r a z e_X o l o gZ i i l o r
41816	132455	132455	frâuri	frâu	Ncfp-n	frâ.uri	fr'âuri	f r 1 w r i_0
41827	132501	132501	fușceii	fușcel	Ncmpry	fuș.ceii	fușc'eii	f u S tS e j i
42397	133999	133999	găicii	gaică	Ncfsoy	gă.i.cii	g'ăicii	g @ j tS i j
43214	135724	135724	geofizica	geofizică	Ncfsry	ge.o.fi.zi.ca	geof'izica	gZ e_X o f i z i k a
43215	135730	135730	geofizici	geofizică	Ncfson	ge.o.fi.zici	geof'izici	gZ e_X o f i z i tS
43216	135731	135731	geofizicii	geofizică	Ncfsoy	ge.o.fi.zi.cii	geof'izicii	gZ e_X o f i z i tS i j
43217	135735	135735	geofizică	=	Ncfsrn	ge.o.fi.zi.că	geof'izică	gZ e_X o f i z i k @
43220	135738	135738	geografia	geografie	Ncfsry	ge.o.gra.fi.a	geograf'ia	gZ e_X o g r a f i a
43221	135753	135753	geografie	=	Ncfsrn	ge.o.gra.fi.e	geograf'ie	gZ e o g r a f j e
43222	135754	135754	geografiei	geografie	Ncfsoy	ge.o.gra.fi.ei	geograf'iei	gZ e_X o g r a f i e j
43223	135755	135755	geografii	geograf	Ncmpry	ge.o.gra.fii	geogr'afii	gZ e_X o g r a f i j
43224	135756	135756	geografii	geografie	Ncfp-n	ge.o.gra.fii	geograf'ii	gZ e_X o g r a f i j
43225	135757	135757	geografii	geografie	Ncfson	ge.o.gra.fii	geograf'ii	gZ e_X o g r a f i j
43226	135758	135758	geografiile	geografie	Ncfpry	ge.o.gra.fi.i.le	geograf'iile	gZ e_X o g r a f i j l e
43227	135759	135759	geografiilor	geografie	Ncfpoy	ge.o.gra.fi.i.lor	geograf'iilor	gZ e_X o g r a f i j l o r
43228	135760	135760	geografilor	geograf	Ncmpoy	ge.o.gra.fi.lor	geogr'afilor	gZ e_X o g r a f i l o r
43229	135761	135761	geograful	geograf	Ncmsry	ge.o.gra.ful	geogr'aful	gZ e_X o g r a f u l
43231	135763	135763	geografului	geograf	Ncmsoy	ge.o.gra.fu.lui	geogr'afului	gZ e_X o g r a f u l u j
43233	135765	135765	geologi	geolog	Ncmp-n	ge.o.logi	geol'ogi	gZ e_X o l o gZ
43234	135766	135766	geologia	geologie	Ncfsry	ge.o.lo.gi.a	geolog'ia	gZ e_X o l o gZ i a
43236	135781	135781	geologiei	geologie	Ncfsoy	ge.o.lo.gi.ei	geolog'iei	gZ e_X o l o gZ i e j
43237	135782	135782	geologii	geolog	Ncmpry	ge.o.lo.gii	geol'ogii	gZ e_X o l o gZ i j
43238	135783	135783	geologii	geologie	Ncfp-n	ge.o.lo.gii	geolog'ii	gZ e_X o l o gZ i j
43239	135784	135784	geologii	geologie	Ncfson	ge.o.lo.gii	geolog'ii	gZ e_X o l o gZ i j
43240	135785	135785	geologiile	geologie	Ncfpry	ge.o.lo.gi.i.le	geolog'iile	gZ e_X o l o gZ i j l e
43241	135786	135786	geologiilor	geologie	Ncfpoy	ge.o.lo.gi.i.lor	geolog'iilor	gZ e_X o l o gZ i j l o r
43242	135787	135787	geologilor	geolog	Ncmpoy	ge.o.lo.gi.lor	geol'ogilor	gZ e_X o l o gZ i l o r
43243	135788	135788	geologul	geolog	Ncmsry	ge.o.lo.gul	geol'ogul	gZ e_X o l o g u l
43244	135789	135789	geologului	geolog	Ncmsoy	ge.o.lo.gu.lui	geol'ogului	gZ e_X o l o g u l u j
43245	135803	135803	geometria	geometrie	Ncfsry	ge.o.me.tri.a	geometr'ia	gZ e_X o m e t r i a
43246	135817	135817	geometrie	=	Ncfsrn	ge.o.me.tri.e	geometr'ie	gZ e o m e t r j e
43247	135818	135818	geometriei	geometrie	Ncfsoy	ge.o.me.tri.ei	geometr'iei	gZ e_X o m e t r i e j
43248	135819	135819	geometrii	geometrie	Ncfp-n	ge.o.me.trii	geometr'ii	gZ e_X o m e t r i j
43249	135820	135820	geometrii	geometrie	Ncfson	ge.o.me.trii	geometr'ii	gZ e_X o m e t r i j
43250	135821	135821	geometriile	geometrie	Ncfpry	ge.o.me.tri.i.le	geometr'iile	gZ e_X o m e t r i j l e
43251	135822	135822	geometriilor	geometrie	Ncfpoy	ge.o.me.tri.i.lor	geometr'iilor	gZ e_X o m e t r i j l o r
43252	135825	135825	geopolitica	geopolitică	Ncfsry	ge.o.po.li.ti.ca	geopol'itica	gZ e_X o p o l i t i k a
43253	135832	135832	geopolitici	geopolitică	Ncfp-n	ge.o.po.li.tici	geopol'itici	gZ e_X o p o l i t i tS
43254	135833	135833	geopolitici	geopolitică	Ncfson	ge.o.po.li.tici	geopol'itici	gZ e_X o p o l i t i tS
43255	135835	135835	geopoliticii	geopolitică	Ncfsoy	ge.o.po.li.ti.cii	geopol'iticii	gZ e_X o p o l i t i tS i j
43256	135836	135836	geopoliticile	geopolitică	Ncfpry	ge.o.po.li.ti.ci.le	geopol'iticile	gZ e_X o p o l i t i tS i l e
43257	135840	135840	geopolitică	=	Ncfsrn	ge.o.po.li.ti.că	geopol'itică	gZ e_X o p o l i t i k @
43594	136472	136472	ghiersuri	ghiers	Ncfp-n	ghier.suri	ghi'ersuri	g_j i e r s u r i_0
43595	136473	136473	ghiersurile	ghiers	Ncfpry	ghier.su.ri.le	ghi'ersurile	g_j i e r s u r i l e
43596	136474	136474	ghiersurilor	ghiers	Ncfpoy	ghier.su.ri.lor	ghi'ersurilor	g_j i e r s u r i l o r
43641	136566	136566	ghinioniști	ghinionist	Ncmp-n	ghi.ni.o.niști	ghinion'iști	g_j i n j o n i S t i_0
43761	136703	136703	ghiulul	ghiul	Ncmsry	ghiu.lul	ghi'ulul	g_j w l u l
43762	136704	136704	ghiulului	ghiul	Ncmsoy	ghiu.lu.lui	ghi'ulului	g_j w l u l u j
43763	136705	136705	ghiuluri	ghiul	Ncfp-n	ghiu.luri	ghi'uluri	g_j w l u r i_0
43764	136706	136706	ghiulurile	ghiul	Ncfpry	ghiu.lu.ri.le	ghi'ulurile	g_j w l u r i l e
43765	136707	136707	ghiulurilor	ghiul	Ncfpoy	ghiu.lu.ri.lor	ghi'ulurilor	g_j w l u r i l o r
43796	136762	136762	giardiaza	giardiază	Ncfsry	giar.di.a.za	giardi'aza	g i a r d i a z a
43797	136763	136763	giardiaze	giardiază	Ncfp-n	giar.di.a.ze	giardi'aze	g i a r d i a z e
43798	136764	136764	giardiaze	giardiază	Ncfson	giar.di.a.ze	giardi'aze	g i a r d i a z e
43799	136765	136765	giardiazei	giardiază	Ncfsoy	giar.di.a.zei	giardi'azei	g i a r d i a z e j
43800	136766	136766	giardiazele	giardiază	Ncfpry	giar.di.a.ze.le	giardi'azele	g i a r d i a z e l e
43801	136767	136767	giardiazelor	giardiază	Ncfpoy	giar.di.a.ze.lor	giardi'azelor	g i a r d i a z e l o r
43802	136768	136768	giardiază	=	Ncfsrn	giar.di.a.ză	giardi'ază	gZ i a r d i a z @
43970	137048	137048	giulgi	=	Ncms-n	giulgi	gi'ulgi	gZ w l gZ
44166	137381	137381	glonți	glonte	Ncmp-n	glon.ți	gl'onți	g l o n ts j
44810	138867	138867	greți	greață	Ncfson	gre.ți	gr'eți	g r e ts i_0
45154	139636	139636	grunzi	grunz	Ncmp-n	grun.zi	gr'unzi	g r u n z j
45259	139803	139803	guguștiuci	guguștiuc	Ncmp-n	gu.guș.tiuci	guguști'uci	g u g u S t i u tS
46011	141643	141643	hasmațuchi	=	Ncm--n	has.ma.țu.chi	hasmaț'uchi	h a s m a ts u k_j
46186	141963	141963	henri	=	Ncms-n	hen.ri	h'enri	h e n r j
46228	142041	142041	hereford	=	Ncfp-n	he.re.ford	h'ereford	h e r f o r d
46229	142042	142042	hereford	=	Ncm--n	he.re.ford	h'ereford	h e r f o r d
46230	142043	142043	hereford	=	Ncmsvn	he.re.ford	h'ereford	h e r f o r d
46410	142411	142411	hidroacusticii	hidroacustică	Ncfsoy	hi.dro.a.cus.ti.cii	hidroac'usticii	h i d r o_X a k u s t i tS i j
46827	143281	143281	hoțoaicei	hoțoaică	Ncfsoy	ho.țoai.cei	hoțo'aicei	h o ts o_X a i tS e j
47455	144677	144677	hândichi	=	Ncms-n	hân.di.chi	hând'ichi	h 1 n d i k_j
47541	144993	144993	ia	ie	Ncfsry	i.a	'ia	j a
47803	145488	145488	ideologia	ideologie	Ncfsry	i.de.o.lo.gi.a	ideolog'ia	i d e_X o l o gZ i a
47805	145504	145504	ideologiei	ideologie	Ncfsoy	i.de.o.lo.gi.ei	ideolog'iei	i d e_X o l o gZ i e j
47806	145505	145505	ideologii	ideolog	Ncmpry	i.de.o.lo.gii	ideol'ogii	i d e_X o l o gZ i j
47807	145506	145506	ideologii	ideologie	Ncfp-n	i.de.o.lo.gii	ideol'ogii	i d e_X o l o gZ i j
47808	145507	145507	ideologii	ideologie	Ncfson	i.de.o.lo.gii	ideol'ogii	i d e_X o l o gZ i j
47809	145508	145508	ideologiile	ideologie	Ncfpry	i.de.o.lo.gi.i.le	ideolog'iile	i d e_X o l o gZ i i l e
47810	145509	145509	ideologiilor	ideologie	Ncfpoy	i.de.o.lo.gi.i.lor	ideolog'iilor	i d e_X o l o gZ i i l o r
47866	145668	145668	ie	=	Ncfsrn	i.e	'ie	j e
47901	145838	145838	iei	ie	Ncfsoy	i.ei	'iei	j e j
47930	145871	145871	iepuroaicei	iepuroaică	Ncfsoy	ie.pu.roai.cei	iepuro'aicei	j e p u r o_X a i tS e j
48024	146161	146161	iglu	=	Ncms-n	i.glu	igl'u	i g l w
48058	146259	146259	ihtiopatologia	ihtiopatologie	Ncfsry	ih.ti.o.pa.to.lo.gi.a	ihtiopatolog'ia	i h t j o p a t o l o gZ i a
48060	146261	146261	ihtiopatologiei	ihtiopatologie	Ncfsoy	ih.ti.o.pa.to.lo.gi.ei	ihtiopatolog'iei	i h t j o p a t o l o gZ i e j
48061	146262	146262	ihtiopatologii	ihtiopatologie	Ncfp-n	ih.ti.o.pa.to.lo.gii	ihtiopatolog'ii	i h t j o p a t o l o gZ i j
48062	146263	146263	ihtiopatologii	ihtiopatologie	Ncfson	ih.ti.o.pa.to.lo.gii	ihtiopatolog'ii	i h t j o p a t o l o gZ i j
48063	146264	146264	ihtiopatologiile	ihtiopatologie	Ncfpry	ih.ti.o.pa.to.lo.gi.i.le	ihtiopatolog'iile	i h t j o p a t o l o gZ i i l e
48064	146265	146265	ihtiopatologiilor	ihtiopatologie	Ncfpoy	ih.ti.o.pa.to.lo.gi.i.lor	ihtiopatolog'iilor	i h t j o p a t o l o gZ i i l o r
48386	147396	147396	imperiii	imperiu	Ncmpry	im.pe.ri.i.i	imperi'ii	i m p e r i i j
50338	154775	154775	interacțiune	=	Ncfsrn	in.te.rac.țiu.ne	interacți'une	i n t e r a k ts i u n e
51073	157964	157964	io	ie	Ncfsvy	i.o	'io	j o
51540	159681	159681	iuncherie	=	Ncfsrn	iun.che.ri.e	iuncher'ie	i u n k_j e r i e
51561	159705	159705	iuzluci	iuzluc	Ncmp-n	iuz.luci	iuzl'uci	j w z l u tS
51565	159709	159709	ivăre	ivăr	Ncfp-n	i.vă.re	'ivăre	j v @ r e
51566	159710	159710	ivărele	ivăr	Ncfpry	i.vă.re.le	'ivărele	j v @ r e l e
51567	159711	159711	ivărelor	ivăr	Ncfpoy	i.vă.re.lor	'ivărelor	j v @ r e l o r
51568	159712	159712	ivărul	ivăr	Ncmsry	i.vă.rul	'ivărul	j v @ r u l
51569	159713	159713	ivărului	ivăr	Ncmsoy	i.vă.ru.lui	'ivărului	j v @ r u l u j
51723	160280	160280	jacuzzi	=	Ncms-n	ja.cu.zzi	jac'uzzi	Z a k u z z j
51885	160502	160502	jeanși	jeans	Ncmp-n	je.anși	je'anși	gZ i n S j
52017	161008	161008	jipul	jip	Ncmsry	ji.pul	j'ipul	Z j p u l
52018	161009	161009	jipului	jip	Ncmsoy	ji.pu.lui	j'ipului	Z j p u l u j
52019	161010	161010	jipuri	jip	Ncfp-n	ji.puri	j'ipuri	Z j p u r i_0
52020	161011	161011	jipurile	jip	Ncfpry	ji.pu.ri.le	j'ipurile	Z j p u r i l e
52021	161012	161012	jipurilor	jip	Ncfpoy	ji.pu.ri.lor	j'ipurilor	Z j p u r i l o r
52023	161014	161014	jirul	jir	Ncmsry	ji.rul	j'irul	Z j r u l
52024	161015	161015	jirului	jir	Ncmsoy	ji.ru.lui	j'irului	Z j r u l u j
52092	161131	161131	joii	joi	Ncfsoy	jo.i.i	j'oii	Z o i j
52574	162648	162648	lămâii	lămâie	Ncfsoy	lă.mâ.ii	lăm'âii	l @ m 1 j j
53207	164145	164145	lebărvurști	lebărvurșt	Ncmp-n	le.băr.vur.ști	l'ebărvurști	l e b @ r v u r S t j
53511	165008	165008	leoaicei	leoaică	Ncfsoy	le.oai.cei	leo'aicei	l e o_X a i tS e j
54665	167781	167781	lori	=	Ncms-n	lo.ri	l'ori	l o r i_0
54795	168088	168088	luciule	luciu	Ncmsvy	lu.ci.u.le	luci'ule	l u tS u l e
55633	170111	170111	măzărichi	măzăriche	Ncfp-n	mă.ză.ri.chi	măzăr'ichi	m @ z @ r i k_j
55634	170112	170112	măzărichi	măzăriche	Ncfson	mă.ză.ri.chi	măzăr'ichi	m @ z @ r i k_j
55722	170309	170309	machi	=	Ncms-n	ma.chi	m'achi	m a k_j
55723	170310	170310	machi	mach	Ncmp-n	ma.chi	m'achi	m a k_j
55882	170573	170573	maghiari	maghiar	Ncmp-n	ma.ghiari	maghi'ari	m a g_j i a r i_0
57535	174693	174693	megahertzi	megahertz	Ncmp-n	me.ga.her.tzi	megah'ertzi	m e g a h e r t z j
57775	175278	175278	mențiune	=	Ncfsrn	men.țiu.ne	menți'une	m e n ts i u n e
58200	176233	176233	meteorologia	meteorologie	Ncfsry	me.te.o.ro.lo.gi.a	meteorolog'ia	m e t e_X o r o l o gZ i a
58202	176248	176248	meteorologiei	meteorologie	Ncfsoy	me.te.o.ro.lo.gi.ei	meteorolog'iei	m e t e_X o r o l o gZ i e j
58203	176249	176249	meteorologii	meteorolog	Ncmpry	me.te.o.ro.lo.gii	meteorol'ogii	m e t e_X o r o l o gZ i j
58204	176250	176250	meteorologii	meteorologie	Ncfson	me.te.o.ro.lo.gii	meteorolog'ii	m e t e_X o r o l o gZ i j
58205	176251	176251	meteorologiile	meteorologie	Ncfpry	me.te.o.ro.lo.gi.i.le	meteorolog'iile	m e t e_X o r o l o gZ i i l e
58206	176252	176252	meteorologiilor	meteorologie	Ncfpoy	me.te.o.ro.lo.gi.i.lor	meteorolog'iilor	m e t e_X o r o l o gZ i i l o r
58426	176752	176752	miaua	mia	Ncfsry	mia.ua	mi'aua	m i a w a
58476	176899	176899	microbiologia	microbiologie	Ncfsry	mi.cro.bio.lo.gi.a	microbiolog'ia	m i k r o b i o l o gZ i a
58477	176900	176900	microbiologie	=	Ncfsrn	mi.cro.bio.lo.gi.e	microbiolog'ie	m i k r o b i o l o gZ i e
58478	176901	176901	microbiologiei	microbiologie	Ncfsoy	mi.cro.bio.lo.gi.ei	microbiolog'iei	m i k r o b i o l o gZ i e j
58480	176903	176903	microbiologiile	microbiologie	Ncfpry	mi.cro.bio.lo.gi.i.le	microbiolog'iile	m i k r o b i o l o gZ i i l e
58481	176904	176904	microbiologiilor	microbiologie	Ncfpoy	mi.cro.bio.lo.gi.i.lor	microbiolog'iilor	m i k r o b i o l o gZ i i l o r
58521	176986	176986	microdisecției	microdisecție	Ncfsoy	mi.cro.di.sec.ți.e.i	microdis'ecției	m i k r o d i s e k ts i e j
58586	177077	177077	microohm	=	Ncms-n	mi.cro.ohm	micro'ohm	m i k r o m
58650	177173	177173	mieii	miel	Ncmpry	mie.ii	mi'eii	m i e i j
58652	177175	177175	mieji	miez	Ncmp-n	mie.ji	mi'eji	m j e Z i_0
58832	177533	177533	milieul	milieu	Ncmsry	mi.li.e.ul	mili'eul	m i l i e w l
58834	177535	177535	milieuri	milieu	Ncfp-n	mi.li.e.uri	mili'euri	m i l i e w r i_0
60873	182979	182979	muchi	muche	Ncfp-n	mu.chi	m'uchi	m u k_j
60874	182980	182980	muchi	muche	Ncfson	mu.chi	m'uchi	m u k_j
61477	184770	184770	mâini	mână	Ncfp-n	mâ.ini	m'âini	m 1 j n i_0
61478	184771	184771	mâini	mână	Ncfson	mâ.ini	m'âini	m 1 j n i_0
62472	187948	187948	neaua	nea	Ncfsry	nea.ua	ne'aua	n e a w a
62830	191182	191182	negru	=	Ncms-n	ne.gru	n'egru	n e g r w
62925	192078	192078	nemțoaicei	nemțoaică	Ncfsoy	nem.țoai.cei	nemțo'aicei	n e m ts o_X a i tS e j
63352	199406	199406	neurobiologia	neurobiologie	Ncfsry	ne.u.ro.bio.lo.gi.a	neurobiolog'ia	n e u r o b i o l o gZ i a
63353	199407	199407	neurobiologie	=	Ncfsrn	ne.u.ro.bio.lo.gi.e	neurobiolog'ie	n e u r o b i o l o gZ i e
63354	199408	199408	neurobiologiei	neurobiologie	Ncfsoy	ne.u.ro.bio.lo.gi.ei	neurobiolog'iei	n e u r o b i o l o gZ i e j
63355	199409	199409	neurobiologii	neurobiologie	Ncfp-n	ne.u.ro.bio.lo.gii	neurobiolog'ii	n e u r o b i o l o gZ i j
63356	199410	199410	neurobiologii	neurobiologie	Ncfson	ne.u.ro.bio.lo.gii	neurobiolog'ii	n e u r o b i o l o gZ i j
63357	199411	199411	neurobiologiile	neurobiologie	Ncfpry	ne.u.ro.bio.lo.gi.i.le	neurobiolog'iile	n e u r o b i o l o gZ i i l e
63358	199412	199412	neurobiologiilor	neurobiologie	Ncfpoy	ne.u.ro.bio.lo.gi.i.lor	neurobiolog'iilor	n e u r o b i o l o gZ i i l o r
64106	202244	202244	nucleonicei	nucleonică	Ncfsoy	nu.cle.o.ni.cei	nucle'onicei	n u k l e_X o n i tS e j
64109	202251	202251	nucleonicii	nucleonică	Ncfsoy	nu.cle.o.ni.cii	nucle'onicii	n u k l e_X o n i tS i j
64128	202281	202281	nuiaua	nuia	Ncfsry	nu.ia.u.a	nui'aua	n u i a u a
65172	205356	205356	oii	oaie	Ncfsoy	o.ii	'oii	o i i
66269	208566	208566	osmanlâu	=	Ncms-n	os.man.lâu	osmanl'âu	o s m a n l 1 u
66434	208968	208968	otrăvi	otravă	Ncfson	o.tră.vi	otrăv'i	o t r @ v i_0
66458	209052	209052	ouă	ou	Ncfp-n	o.uă	'ouă	o u @
66477	209075	209075	ovației	ovație	Ncfsoy	o.va.ți.e.i	ov'ației	o v a ts i e j
66771	209922	209922	păiajeni	păiajen	Ncmp-n	pă.ia.je.ni	păi'ajeni	p @ j a Z e n i_0
67338	211277	211277	paingăni	paingăn	Ncmp-n	pa.in.gă.ni	pa'ingăni	p a i n g @ n i_0
67775	212220	212220	paparazzi	paparazzo	Ncmp-n	pa.pa.ra.zzi	papar'azzi	p a p a r a z z j
68867	215013	215013	pazvantoglu	=	Ncms-n	paz.van.to.glu	pazvant'oglu	p a z v a n t o g l w
68999	215387	215387	pediatri	pediatru	Ncmp-n	pe.di.a.tri	pedi'atri	p e d j a t r i
69007	215395	215395	pediatrilor	pediatru	Ncmpoy	pe.di.a.tri.lor	pedi'atrilor	p e d j a t r i l o r
69019	215407	215407	pedigriu	=	Ncms-n	pe.di.griu	pedigr'iu	p e d i g r i u
69168	215737	215737	penalti	=	Ncms-n	pe.nal.ti	pen'alti	p e n a l t j
69341	216112	216112	pepenoaicei	pepenoaică	Ncfsoy	pe.pe.noai.cei	pepeno'aicei	p e p e n o_X a i tS e j
69425	216331	216331	perechi	pereche	Ncfp-n	pe.re.chi	per'echi	p e r e k_j
69426	216332	216332	perechi	pereche	Ncfson	pe.re.chi	per'echi	p e r e k_j
70346	218935	218935	pieii	piele	Ncfsoy	pie.ii	pi'eii	p i e i j
70508	219317	219317	pietroaie	pietroi	Ncfp-n	pie.troa.ie	pietro'aie	p j e t r o a j e
70887	220142	220142	pitpalaci	pitpalac	Ncmp-n	pit.pa.laci	pitpal'aci	p j t p a l a tS
70888	220143	220143	pitpalacii	pitpalac	Ncmpry	pit.pa.la.cii	pitpal'acii	p j t p a l a tS i j
70889	220144	220144	pitpalacilor	pitpalac	Ncmpoy	pit.pa.la.ci.lor	pitpal'acilor	p j t p a l a tS i l o r
70890	220145	220145	pitpalacul	pitpalac	Ncmsry	pit.pa.la.cul	pitpal'acul	p j t p a l a k u l
70891	220146	220146	pitpalacului	pitpalac	Ncmsoy	pit.pa.la.cu.lui	pitpal'acului	p j t p a l a k u l u j
70928	220234	220234	pizza	pizză	Ncfsry	pizz.a	p'izza	p j z z a
70929	220235	220235	pizze	pizză	Ncfp-n	piz.ze	p'izze	p j z z e
70930	220236	220236	pizze	pizză	Ncfson	piz.ze	p'izze	p j z z e
70931	220237	220237	pizzei	pizză	Ncfsoy	piz.zei	p'izzei	p j z z e j
70932	220238	220238	pizzele	pizză	Ncfpry	piz.ze.le	p'izzele	p j z z e l e
70933	220239	220239	pizzelor	pizză	Ncfpoy	piz.ze.lor	p'izzelor	p j z z e l o r
70934	220240	220240	pizzeria	pizzerie	Ncfsry	piz.ze.ri.a	pizzer'ia	p j z z e r i a
70935	220241	220241	pizzerie	=	Ncfsrn	piz.ze.ri.e	pizzer'ie	p j z z e r i e
70936	220242	220242	pizzeriei	pizzerie	Ncfsoy	piz.ze.ri.ei	pizzer'iei	p j z z e r i e j
70937	220243	220243	pizzerii	pizzerie	Ncfp-n	piz.ze.rii	pizzer'ii	p j z z e r i j
70938	220244	220244	pizzerii	pizzerie	Ncfson	piz.ze.rii	pizzer'ii	p j z z e r i j
70939	220245	220245	pizzeriile	pizzerie	Ncfpry	piz.ze.ri.i.le	pizzer'iile	p j z z e r i i l e
70940	220246	220246	pizzeriilor	pizzerie	Ncfpoy	piz.ze.ri.i.lor	pizzer'iilor	p j z z e r i i l o r
70941	220247	220247	pizzicato	=	Ncfp-n	piz.zi.ca.to	pizzic'ato	p j z z i k a t o
70942	220248	220248	pizzicato	=	Ncms-n	piz.zi.ca.to	pizzic'ato	p j z z i k a t o
70943	220249	220249	pizzicatoul	pizzicato	Ncmsry	piz.zi.ca.to.ul	pizzic'atoul	p j z z i k a t o u l
70944	220250	220250	pizzicatoului	pizzicato	Ncmsoy	piz.zi.ca.to.u.lui	pizzic'atoului	p j z z i k a t o u l u j
70945	220251	220251	pizză	=	Ncfsrn	piz.ză	p'izză	p j z z @
70946	220252	220252	plăși	plasă	Ncfp-n	plă.și	pl'ăși	p l @ S i_0
70947	220253	220253	plăși	plasă	Ncfson	plă.și	pl'ăși	p l @ S i_0
71409	221565	221565	pleiocaziule	pleiocaziu	Ncmsvy	ple.io.ca.ziu.le	pleioc'aziule	p l e i o k a z j u l e
73032	225264	225264	portschi	=	Ncms-n	port.schi	portsch'i	p o r t s k_j 
73360	226276	226276	potârnichi	potârniche	Ncfp-n	po.târ.ni.chi	potârn'ichi	p o t 1 r n i k_j
73361	226277	226277	potârnichi	potârniche	Ncfson	po.târ.ni.chi	potârn'ichi	p o t 1 r n i k_j
73607	227124	227124	prairialule	prairial	Ncmsvy	prai.ri.a.lu.le	prairi'alule	p r a j r j a l u l e
75789	234854	234854	propergoli	propergol	Ncmp-n	pro.per.go.li	properg'oli	p r o p e r g o l i_0
76628	236972	236972	puștoaicei	puștoaică	Ncfsoy	puș.toai.cei	pușto'aicei	p u S t o_X a i tS e j
76795	237406	237406	pufoaicei	pufoaică	Ncfsoy	pu.foai.cei	pufo'aicei	p u f o_X a i tS e j
77241	238515	238515	pâni	pâine	Ncfp-n	pâ.ni	pân'i	p 1 n j
77242	238516	238516	pâni	pâine	Ncfson	pâ.ni	pân'i	p 1 n j
77345	238728	238728	pârâuașele	pârâuaș	Ncfpry	pâ.râ.ua.șe.le	pârâu'așele	p 1 r w a S e l e
77347	238730	238730	pârâuașul	pârâuaș	Ncmsry	pâ.râ.ua.șul	pârâu'așul	p 1 r 1 u a S u l
77348	238731	238731	pârâuașului	pârâuaș	Ncmsoy	pâ.râ.ua.șu.lui	pârâu'așului	p 1 r 1 u a S u l u j
77349	238732	238732	pârâul	pârâu	Ncmsry	pâ.râul	pâr'âul	p 1 r 1 u l
77351	238734	238734	pârâuri	pârâu	Ncfp-n	pâ.râ.uri	pâr'âuri	p 1 r 1 w r i_0
77354	238737	238737	pârâuț	=	Ncms-n	pâ.râuț	pârâ'uț	p 1 r 1 u ts
77355	238738	238738	pârâuțe	pârâuț	Ncfp-n	pâ.râu.țe	pârâ'uțe	p 1 r 1 u ts e
77356	238739	238739	pârâuțele	pârâuț	Ncfpry	pâ.râu.țe.le	pârâ'uțele	p 1 r 1 u ts e l e
77357	238740	238740	pârâuțelor	pârâuț	Ncfpoy	pâ.râu.țe.lor	pârâ'uțelor	p 1 r 1 u ts e l o r
77358	238741	238741	pârâuțul	pârâuț	Ncmsry	pâ.râu.țul	pârâ'uțul	p 1 r 1 u ts u l
77359	238742	238742	pârâuțule	pârâuț	Ncmsvy	pâ.râu.țu.le	pârâ'uțule	p 1 r 1 u ts u l e
77360	238743	238743	pârâuțului	pârâuț	Ncmsoy	pâ.râu.țu.lui	pârâ'uțului	p 1 r 1 u ts u l u j
78038	241871	241871	radiobiologia	radiobiologie	Ncfsry	ra.di.o.bio.lo.gi.a	radiobiolog'ia	r a d i o b i o l o gZ i a
78039	241872	241872	radiobiologie	=	Ncfsrn	ra.di.o.bio.lo.gi.e	radiobiolog'ie	r a d i o b i o l o gZ i e
78040	241873	241873	radiobiologiei	radiobiologie	Ncfsoy	ra.di.o.bio.lo.gi.ei	radiobiolog'iei	r a d i o b i o l o gZ i e j
78043	241876	241876	radiobiologiile	radiobiologie	Ncfpry	ra.di.o.bio.lo.gi.i.le	radiobiolog'iile	r a d i o b i o l o gZ i i l e
78044	241877	241877	radiobiologiilor	radiobiologie	Ncfpoy	ra.di.o.bio.lo.gi.i.lor	radiobiolog'iilor	r a d i o b i o l o gZ i i l o r
78236	242294	242294	radioul	radio	Ncmsry	ra.di.o.ul	radi'oul	r a d i o w l
78238	242296	242296	radiouri	radio	Ncfp-n	ra.di.o.uri	radi'ouri	r a d i o w r i_0
78294	242400	242400	raggae	reggae	Ncmsrn	ra.ggae	ragg'ae	r a g g a e
78633	243151	243151	raznocinți	=	Ncmp-n	raz.no.ci.nți	raznoc'inți	r a z n o tS i n ts i_0
79786	248278	248278	reggae	=	Ncmsrn	re.ggae	regg'ae	r e g g a e
81027	253856	253856	retroproiecției	retroproiecție	Ncfsoy	re.tro.pro.iec.ți.e.i	retroproi'ecției	r e t r o p r o j e k ts i e j
81552	256212	256212	ridichi	ridiche	Ncfp-n	ri.di.chi	rid'ichi	r i d i k_j
81553	256213	256213	ridichi	ridiche	Ncfson	ri.di.chi	rid'ichi	r i d i k_j
82516	258945	258945	rusoaicei	rusoaică	Ncfsoy	ru.soai.cei	ruso'aicei	r u s o_X a i tS e j
82587	259106	259106	râi	râie	Ncfp-n	râi	r'âi	r 1 i
82588	259107	259107	râi	râie	Ncfson	râi	r'âi	r 1 i
82593	259112	259112	râii	râie	Ncfsoy	râ.ii	r'âii	r 1 j j
82666	259322	259322	râuri	râu	Ncfp-n	râ.uri	r'âuri	r 1 w r i_0
82738	259593	259593	sălăti	salată	Ncfp-n	să.lă.ti	sălăt'i	s @ l @ t i_0
82739	259594	259594	sălăti	salată	Ncfson	să.lă.ti	sălăt'i	s @ l @ t i_0
82983	260371	260371	săsoaicei	săsoaică	Ncfsoy	să.soai.cei	săso'aicei	s @ s o_X a i tS e j
83129	260806	260806	safari	=	Ncms-n	sa.fa.ri	saf'ari	s a f a r i_0
83168	260849	260849	salăti	salată	Ncfp-n	sa.lă.ti	salăt'i	s a l @ t i_0
83169	260850	260850	salăti	salată	Ncfson	sa.lă.ti	salăt'i	s a l @ t i_0
83582	261776	261776	sari	=	Ncms-n	sa.ri	sar'i	s a r i_0
84106	263175	263175	schioaro	schioară	Ncfsvy	schi.oa.ro	schio'aro	s k_j i o a r o
84179	263264	263264	scientologi	scientolog	Ncmp-n	scien.to.logi	scientol'ogi	s tS i e n t o l o gZ
85049	265670	265670	secunzi	secund	Ncmp-n	se.cu.nzi	sec'unzi	s e k u n z j
86081	268292	268292	sfiiciunii	sfiiciune	Ncfsoy	sfi.i.ciu.nii	sfiici'unii	s f i i tS u n i i
86895	270811	270811	sirmaiaua	sirmaia	Ncfsry	sir.ma.ia.u.a	sirmai'aua	s i r m a i a u a
87504	272599	272599	sociologiile	sociologie	Ncfpry	so.ci.o.lo.gi.i.le	sociolog'iile	s o tS i o l o gZ i j l e
87505	272600	272600	sociologiilor	sociologie	Ncfpoy	so.ci.o.lo.gi.i.lor	sociolog'iilor	s o tS i o l o gZ i j l o r
87968	273790	273790	sovârvi	sovârv	Ncmp-n	so.vâr.vi	sov'ârvi	s o v 1 r v j
88125	274125	274125	spanioloaicei	spanioloaică	Ncfsoy	spa.ni.o.loai.cei	spaniolo'aicei	s p a n i o l o_X a i tS e j
88207	274289	274289	specialiști	specialist	Ncmp-n	spe.ci.a.liști	special'iști	s p e tS j a l i S t i_0
88788	276123	276123	spânzi	spânz	Ncmp-n	spân.zi	sp'ânzi	s p 1 n z j
88858	276309	276309	stăpâni	stăpân	Ncmp-n	stă.pâni	stăp'âni	s t @ p 1 n i
88989	276750	276750	stagiatura	stagiatură	Ncfsry	sta.gia.tu.ra	stagiat'ura	s t a gZ i a t u r a
88990	276751	276751	stagiaturi	stagiatură	Ncfp-n	sta.gia.turi	stagiat'uri	s t a gZ i a t u r i_0
88991	276752	276752	stagiaturi	stagiatură	Ncfson	sta.gia.turi	stagiat'uri	s t a gZ i a t u r i_0
88992	276753	276753	stagiaturii	stagiatură	Ncfsoy	sta.gia.tu.rii	stagiat'urii	s t a gZ i a t u r i j
88993	276754	276754	stagiaturile	stagiatură	Ncfpry	sta.gia.tu.ri.le	stagiat'urile	s t a gZ i a t u r i l e
88994	276755	276755	stagiaturilor	stagiatură	Ncfpoy	sta.gia.tu.ri.lor	stagiat'urilor	s t a gZ i a t u r i l o r
88995	276756	276756	stagiatură	=	Ncfsrn	sta.gia.tu.ră	stagiat'ură	s t a gZ i a t u r @
89646	278429	278429	strășini	strașină	Ncfp-n	stră.și.ni	str'ășini	s t r @ S i n i_0
89647	278430	278430	strășini	strașină	Ncfson	stră.și.ni	str'ășini	s t r @ S i n i_0
89922	279416	279416	strigoaicei	strigoaică	Ncfsoy	stri.goai.cei	strigo'aicei	s t r i g o_X a i tS e j
90141	280110	280110	studioul	studio	Ncmsry	stu.di.o.ul	studi'oul	s t u d i o w l
90143	280112	280112	studiouri	studio	Ncfp-n	stu.di.o.uri	studi'ouri	s t u d i o w r i_0
91572	285670	285670	surzi	surd	Ncmp-n	sur.zi	surz'i	s u r z j
91812	286474	286474	sârboaicei	sârboaică	Ncfsoy	sâr.boai.cei	sârbo'aicei	s 1 r b o_X a i tS e j
91938	286821	286821	tăinicia	tăinicie	Ncfsry	tăi.ni.ci.a	tăinic'ia	t @ i n i tS i a
91939	286822	286822	tăinicie	=	Ncfsrn	tăi.ni.ci.e	tăinic'ie	t @ i n i tS i e
91940	286823	286823	tăiniciei	tăinicie	Ncfsoy	tăi.ni.ci.ei	tăinic'iei	t @ i n i tS i e j
91941	286824	286824	tăinicii	tăinicie	Ncfp-n	tăi.ni.cii	tăinic'ii	t @ i n i tS i j
91942	286825	286825	tăinicii	tăinicie	Ncfson	tăi.ni.cii	tăinic'ii	t @ i n i tS i j
91943	286826	286826	tăiniciile	tăinicie	Ncfpry	tăi.ni.ci.i.le	tăinic'iile	t @ i n i tS i i l e
91944	286827	286827	tăiniciilor	tăinicie	Ncfpoy	tăi.ni.ci.i.lor	tăinic'iilor	t @ i n i tS i i l o r
91983	286957	286957	tămâii	tămâie	Ncfp-n	tă.mâ.ii	tăm'âii	t @ m 1 j j
91984	286958	286958	tămâii	tămâie	Ncfson	tă.mâ.ii	tăm'âii	t @ m 1 j j
92010	287035	287035	tărăboiurile	tărăboi	Ncfpry	tă.ră.boiu.ri.le	tărăb'oiurile	t @ r @ b o j u r i l e
92011	287036	287036	tărăboiurilor	tărăboi	Ncfpoy	tă.ră.boiu.ri.lor	tărăb'oiurilor	t @ r @ b o j u r i l o r
92102	287158	287158	tăurenci	tăureanc	Ncmp-n	tău.renci	tăur'enci	t @ u r e n tS
92562	287946	287946	tanti	=	Ncf--n	tan.ti	t'anti	t a n t j
92730	288368	288368	taumaturgii	taumaturg	Ncmpry	tau.ma.tur.gii	taumat'urgii	t a u m a t u r gZ i j
93375	289596	289596	teniei	tenie	Ncfsoy	te.ni.e.i	t'eniei	t e n i e j
93514	289983	289983	terapeuticii	terapeutică	Ncfsoy	te.ra.peu.ti.cii	terape'uticii	t e r a p e u t i tS i j
93656	290431	290431	termoenergeticiano	termoenergeticiană	Ncfsvy	ter.mo.e.ner.ge.ti.cia.no	termoenergetici'ano	t e r m o e n e r gZ e t i tS i a n o
93658	290434	290434	termoenergeticianule	termoenergetician	Ncmsvy	ter.mo.e.ner.ge.ti.cia.nu.le	termoenergetici'anule	t e r m o e n e r gZ e t i tS i a n u l e
93985	291166	291166	tigroaice	tigroaică	Ncfp-n	ti.groai.ce	tigro'aice	t i g r o_X a i tS e
93986	291167	291167	tigroaice	tigroaică	Ncfson	ti.groai.ce	tigro'aice	t i g r o_X a i tS e
93987	291168	291168	tigroaicei	tigroaică	Ncfsoy	ti.groai.cei	tigro'aicei	t i g r o_X a i tS e j
93988	291169	291169	tigroaicele	tigroaică	Ncfp-n	ti.groai.ce.le	tigro'aicele	t i g r o_X a i tS e l e
93989	291170	291170	tigroaicele	tigroaică	Ncfpry	ti.groai.ce.le	tigro'aicele	t i g r o_X a i tS e l e
93990	291171	291171	tigroaicelor	tigroaică	Ncfpoy	ti.groai.ce.lor	tigro'aicelor	t i g r o_X a i tS e l o r
94092	291449	291449	tindechi	tindeche	Ncfp-n	tin.de.chi	tind'echi	t i n d e k_j
94093	291450	291450	tindechi	tindeche	Ncfson	tin.de.chi	tind'echi	t i n d e k_j
95540	295356	295356	traumatologie	=	Ncfsrn	trau.ma.to.lo.gi.e	traumatolog'ie	t r a u m a t o l o gZ i e
95991	296480	296480	trionicși	trionix	Ncmp-n	tri.o.nicși	tri'onicși	t r i o n j k S i_0
95992	296481	296481	trionicșii	trionix	Ncmpry	tri.o.nic.șii	tri'onicșii	t r i o n j k S i j
95993	296482	296482	trionicșilor	trionix	Ncmpoy	tri.o.nic.și.lor	tri'onicșilor	t r i o n j k S i l o r
95997	296486	296486	trioul	trio	Ncmsry	tri.o.ul	tr'ioul	t r i o w l
95999	296488	296488	triouri	trio	Ncfp-n	tri.o.uri	tr'iouri	t r i o w r i_0
96375	297360	297360	trânjoaicei	trânjoaică	Ncfsoy	trân.joai.cei	trânjo'aicei	t r 1 n Z o_X a i tS e j
96990	298987	298987	târșâitura	târșâitură	Ncfsry	târ.șâi.tu.ra	târșâit'ura	t 1 r S 1 i t u r a
96991	298988	298988	târșâituri	târșâitură	Ncfp-n	târ.șâi.turi	târșâit'uri	t 1 r S 1 i t u r i_0
96992	298989	298989	târșâituri	târșâitură	Ncfson	târ.șâi.turi	târșâit'uri	t 1 r S 1 i t u r i_0
96993	298990	298990	târșâiturii	târșâitură	Ncfsoy	târ.șâi.tu.rii	târșâit'urii	t 1 r S 1 i t u r i j
96994	298991	298991	târșâiturile	târșâitură	Ncfpry	târ.șâi.tu.ri.le	târșâit'urile	t 1 r S 1 i t u r i l e
96995	298992	298992	târșâiturilor	târșâitură	Ncfpoy	târ.șâi.tu.ri.lor	târșâit'urilor	t 1 r S 1 i t u r i l o r
96996	298993	298993	târșâitură	=	Ncfsrn	târ.șâi.tu.ră	târșâit'ură	t 1 r S 1 i t u r @
97532	300952	300952	unguroaicei	unguroaică	Ncfsoy	un.gu.roai.cei	unguro'aicei	u n g u r o_X a i tS e j
98530	304249	304249	variațiune	=	Ncfsrn	va.ri.a.țiu.ne	variați'une	v a r i a ts i u n e
98844	304827	304827	vegheo	veghe	Ncfsvy	ve.gheo	v'egheo	v e g_j e o
100035	307572	307572	vistavoiule	vistavoi	Ncmsvy	vis.ta.vo.iu.le	vistav'oiule	v i s t a v o i u l e
100777	309464	309464	vâji	vâj	Ncmp-n	vâ.ji	v'âji	v 1 Z j
100786	309473	309473	vâjâitura	vâjâitură	Ncfsry	vâ.jâi.tu.ra	vâjâit'ura	v 1 Z 1 i t u r a
100790	309477	309477	vâjâiturii	vâjâitură	Ncfsoy	vâ.jâi.tu.rii	vâjâit'urii	v 1 Z 1 i t u r i j
100795	309482	309482	vâjâitură	=	Ncfsrn	vâ.jâi.tu.ră	vâjâit'ură	v 1 Z 1 i t u r @
101245	310823	310823	zaicii	zaică	Ncfsoy	zai.cii	z'aicii	z a i tS i j
101393	311113	311113	zbenghi	=	Ncms-n	zben.ghi	zb'enghi	z b e n g_j
101624	311997	311997	zechi	zeche	Ncfp-n	ze.chi	z'echi	z e k_j
101625	311998	311998	zechi	zeche	Ncfson	ze.chi	z'echi	z e k_j
101778	312262	312262	zgripsoroaice	zgripsoroaică	Ncfp-n	zgrip.so.roai.ce	zgripsoro'aice	z g r i p s o r o_X a i tS e
101779	312263	312263	zgripsoroaice	zgripsoroaică	Ncfson	zgrip.so.roai.ce	zgripsoro'aice	z g r i p s o r o_X a i tS e
101780	312264	312264	zgripsoroaicei	zgripsoroaică	Ncfsoy	zgrip.so.roai.cei	zgripsoro'aicei	z g r i p s o r o_X a i tS e j
101781	312265	312265	zgripsoroaicele	zgripsoroaică	Ncfp-n	zgrip.so.roai.ce.le	zgripsoro'aicele	z g r i p s o r o_X a i tS e l e
101782	312266	312266	zgripsoroaicele	zgripsoroaică	Ncfpry	zgrip.so.roai.ce.le	zgripsoro'aicele	z g r i p s o r o_X a i tS e l e
101783	312267	312267	zgripsoroaicelor	zgripsoroaică	Ncfpoy	zgrip.so.roai.ce.lor	zgripsoro'aicelor	z g r i p s o r o_X a i tS e l o r
101947	312786	312786	zimberechi	=	Ncms-n	zim.be.re.chi	zimber'echi	z i m b e r e k_j
102030	312963	312963	zmeoaice	zmeoaică	Ncfp-n	zme.oai.ce	zmeo'aice	z m e_X o_X a j tS e
102031	312964	312964	zmeoaice	zmeoaică	Ncfson	zme.oai.ce	zmeo'aice	z m e_X o_X a j tS e
102032	312965	312965	zmeoaicei	zmeoaică	Ncfsoy	zme.oai.cei	zmeo'aicei	z m e o_X a i tS e j
102033	312966	312966	zmeoaicele	zmeoaică	Ncfp-n	zme.oai.ce.le	zmeo'aicele	z m e_X o_X a j tS e l e
102034	312967	312967	zmeoaicele	zmeoaică	Ncfpry	zme.oai.ce.le	zmeo'aicele	z m e_X o_X a j tS e l e
102035	312968	312968	zmeoaicelor	zmeoaică	Ncfpoy	zme.oai.ce.lor	zmeo'aicelor	z m e_X o_X a j tS e l o r
102338	314417	314417	îmbrânceală	=	Ncfsrn	îm.brân.cea.lă	îmbrânce'ală	1 m b r 1 n tS 
102339	314418	314418	îmbrânceală	=	Ncfsry	îm.brân.cea.lă	îmbrânce'ală	1 m b r 1 n tS 
102563	316443	316443	împâslituri	împâslitură	Ncfp-n	îm.pâs.li.tu.ri	împâslit'uri	1 m p 1 s l i t u r i_0
102564	316444	316444	împâslituri	împâslitură	Ncfson	îm.pâs.li.tu.ri	împâslit'uri	1 m p 1 s l i t u r i_0
